Assembly_Segment,Booth_No,Total_Electors_2024,Age_mean_2024,Age_median_2024,Age_18_25_mean_2024,Age_26_40_mean_2024,Age_41_60_mean_2024,Age_60_plus_mean_2024,Is_Male_mean_2024,Is_Female_mean_2024,Caste_Brahmin_mean_2024,Caste_Muslim_mean_2024,Caste_OBC_Patel_Kurmi_mean_2024,Caste_OBC_Yadav_mean_2024,Caste_SC_Dalit_mean_2024,Caste_Thakur_Rajput_mean_2024,Caste_Vaishya_Other_mean_2024,Source_File,INC,BSP,BJP,YTP,ADK,IND_1,IND_2,Total Valid Votes,Rejected Votes,NOTA,Total Votes,Tendered Votes,Computed_vs_Printed_Match,BJP_Vote_Share,INC_Vote_Share,BSP_Vote_Share,ADK_Vote_Share,Turnout_Percentage,Other_Vote_Share
Rohaniya,1,5070,47.226824457593686,45.0,0.048323471400394474,0.32327416173570017,0.4203155818540434,0.20808678500986194,0.5209072978303747,0.47909270216962524,0.1504930966469428,0.18520710059171597,0.16489151873767258,0.13806706114398423,0.13274161735700196,0.10433925049309664,0.1242603550295858,2024091311-1.pdf,294,14,399,2,5,5,1,720,0,4,724,0,True,0.5541666666666667,0.4083333333333333,0.019444444444444445,0.006944444444444444,0.1428007889546351,0.011111111111111072
Rohaniya,6,4923,47.656916514320535,46.0,0.046719479991874875,0.3071297989031079,0.43855372740199067,0.20759699370302662,0.5244769449522649,0.4755230550477351,0.14747105423522242,0.17936217753402398,0.16839325614462727,0.1289863904123502,0.14036156814950235,0.10176721511273613,0.13365833841153768,2024091311-1.pdf,177,27,322,1,0,0,2,529,0,2,531,0,True,0.6086956521739131,0.33459357277882795,0.05103969754253308,0.0,0.10786106032906764,0.005671077504725841
Rohaniya,11,4789,47.42639381916893,46.0,0.04593860931300898,0.3230319482146586,0.42409688870327833,0.2069325537690541,0.5078304447692629,0.49216955523073713,0.16517018166631864,0.18145750678638548,0.15326790561703904,0.1371893923574859,0.13489246189183546,0.09563583211526415,0.13238671956567133,2024091311-1.pdf,343,10,351,2,2,1,1,710,0,1,711,0,True,0.4943661971830986,0.4830985915492958,0.014084507042253521,0.0028169014084507044,0.14846523282522447,0.005633802816901401
Rohaniya,16,4936,47.55368719611021,46.0,0.043354943273905995,0.3354943273905997,0.4051863857374392,0.2159643435980551,0.5403160453808752,0.4596839546191248,0.14606969205834683,0.17078606158833062,0.16754457050243113,0.14120745542949756,0.1456645056726094,0.10393030794165316,0.12479740680713128,2024091311-1.pdf,207,92,237,4,0,2,0,542,0,4,546,0,True,0.43726937269372695,0.38191881918819187,0.16974169741697417,0.0,0.11061588330632091,0.011070110701106972
Rohaniya,21,4910,47.07881873727088,45.0,0.04602851323828921,0.33930753564154786,0.4154786150712831,0.19918533604887984,0.5183299389002036,0.4816700610997963,0.15254582484725052,0.18798370672097758,0.15824847250509164,0.13034623217922606,0.13991853360488798,0.10244399185336049,0.1285132382892057,2024091311-1.pdf,171,16,386,2,0,1,1,577,0,7,584,0,True,0.6689774696707106,0.29636048526863085,0.02772963604852686,0.0,0.11894093686354379,0.006932409012131657
Rohaniya,26,4983,47.483042343969494,46.0,0.04515352197471403,0.3271121814168172,0.4218342364037728,0.20590006020469598,0.5209713024282561,0.47902869757174393,0.1456953642384106,0.17519566526189043,0.16576359622717238,0.1489062813566125,0.1356612482440297,0.0975316074653823,0.1312462372065021,2024091311-1.pdf,178,3,424,6,0,1,1,613,0,4,617,0,True,0.6916802610114192,0.2903752039151713,0.004893964110929853,0.0,0.12382099137066024,0.013050570962479635
Rohaniya,31,4842,47.36617100371747,46.0,0.04399008674101611,0.322180916976456,0.42627013630731103,0.20755885997521686,0.5212722015695993,0.47872779843040064,0.14270962412226354,0.18380834365964477,0.1633622470053697,0.13568773234200743,0.14188351920693928,0.10099132589838909,0.1315572077653862,2024091311-1.pdf,158,39,408,4,1,1,1,612,0,3,615,0,True,0.6666666666666666,0.2581699346405229,0.06372549019607843,0.0016339869281045752,0.12701363073110286,0.009803921568627416
Rohaniya,36,4757,47.51334874921169,46.0,0.04898044986335926,0.3243640950178684,0.4174900147151566,0.20916544040361573,0.5272230397309229,0.4727769602690772,0.1517763296195081,0.17532058019760352,0.1654404036157242,0.14252680260668488,0.13537944082404876,0.10279587975614883,0.1267605633802817,2024091311-1.pdf,191,13,291,4,0,0,1,500,0,5,505,0,True,0.582,0.382,0.026,0.0,0.10615934412444818,0.010000000000000009
Rohaniya,41,5087,47.52820916060546,45.0,0.050324356202083746,0.32298014546884213,0.40790249655985844,0.21879300176921565,0.5148417534892864,0.4851582465107136,0.147827796343621,0.1893060743070572,0.15687045409868292,0.14114409278553175,0.1364261843915864,0.10084529192058188,0.12758010615293885,2024091311-1.pdf,153,2,554,1,0,1,1,712,0,3,715,0,True,0.7780898876404494,0.2148876404494382,0.0028089887640449437,0.0,0.1405543542362886,0.004213483146067509
Rohaniya,46,5066,47.678247137781284,46.0,0.041255428345834975,0.3181997631267272,0.43703118831425186,0.20351362021318595,0.5051322542439795,0.49486774575602055,0.15001973943939992,0.1780497433872878,0.1650217133833399,0.14133438610343466,0.14093959731543623,0.09889459139360442,0.12574022897749704,2024091311-1.pdf,186,5,417,0,0,0,0,608,0,1,609,0,True,0.6858552631578947,0.3059210526315789,0.008223684210526315,0.0,0.12021318594551915,0.0
Rohaniya,51,4798,47.729470612755314,46.0,0.04335139641517299,0.3140892038349312,0.429137140475198,0.2134222592746978,0.5300125052105044,0.46998749478949564,0.14714464360150062,0.1842434347644852,0.15923301375573157,0.13984993747394747,0.137765735723218,0.10066694456023344,0.1310962901208837,2024091311-1.pdf,222,25,485,3,0,2,0,737,0,3,740,0,True,0.6580732700135685,0.3012211668928087,0.033921302578018994,0.0,0.15423092955398082,0.006784260515603879
Rohaniya,56,5055,47.32700296735905,45.0,0.043719090009891194,0.32146389713155293,0.4344213649851632,0.20039564787339267,0.5272007912957468,0.47279920870425324,0.14559841740850643,0.1818001978239367,0.16102868447082097,0.14362017804154303,0.14263105835806134,0.09317507418397626,0.1321463897131553,2024091311-1.pdf,195,93,308,2,1,1,0,600,0,9,609,0,True,0.5133333333333333,0.325,0.155,0.0016666666666666668,0.12047477744807121,0.004999999999999893
Rohaniya,61,4910,47.49348268839104,46.0,0.042566191446028516,0.33279022403258657,0.41771894093686357,0.2069246435845214,0.5173116089613035,0.48268839103869654,0.1560081466395112,0.17963340122199592,0.1604887983706721,0.1391038696537678,0.14175152749490835,0.09714867617107943,0.12586558044806517,2024091311-1.pdf,165,1,273,1,0,1,1,442,0,2,444,0,True,0.6176470588235294,0.3733031674208145,0.0022624434389140274,0.0,0.09042769857433809,0.006787330316742057
Rohaniya,66,4890,47.57852760736196,46.0,0.046625766871165646,0.3198364008179959,0.4263803680981595,0.20715746421267894,0.5179959100204499,0.4820040899795501,0.15460122699386503,0.17321063394683026,0.15848670756646216,0.14478527607361963,0.1361963190184049,0.10184049079754601,0.130879345603272,2024091311-1.pdf,168,4,478,1,0,1,2,654,0,6,660,0,True,0.7308868501529052,0.25688073394495414,0.0061162079510703364,0.0,0.13496932515337423,0.006116207951070263
Rohaniya,71,5065,47.61263573543929,46.0,0.039289239881539983,0.3231984205330701,0.42586377097729516,0.21164856860809478,0.513919052319842,0.48608094768015797,0.14708785784797632,0.1755182625863771,0.15952615992102664,0.14175715695952615,0.14531095755182627,0.09911154985192498,0.13168805528134256,2024091311-1.pdf,278,1,386,1,0,1,1,668,0,2,670,0,True,0.5778443113772455,0.4161676646706587,0.0014970059880239522,0.0,0.13228035538005922,0.0044910179640719194
Rohaniya,76,4936,47.568679092382496,46.0,0.04598865478119935,0.3247568881685575,0.41268233387358183,0.21657212317666127,0.513776337115073,0.4862236628849271,0.1519448946515397,0.17281199351701781,0.1527552674230146,0.14080226904376014,0.14201782820097245,0.10575364667747164,0.13391410048622365,2024091311-1.pdf,228,3,205,0,0,1,0,437,0,2,439,0,True,0.4691075514874142,0.5217391304347826,0.006864988558352402,0.0,0.0889384116693679,0.0022883295194507935
Rohaniya,81,4918,47.45424969499797,46.0,0.04270028466856446,0.32655551037006914,0.4274095160634404,0.203334688897926,0.5075233834892232,0.49247661651077673,0.14884099227328182,0.1832045546970313,0.1610410736071574,0.14599430662871085,0.13338755591703944,0.1032940219601464,0.12423749491663277,2024091311-1.pdf,185,3,416,1,0,1,1,607,0,2,609,0,True,0.685337726523888,0.30477759472817134,0.004942339373970346,0.0,0.12383082553883693,0.0049423393739702615
Rohaniya,86,5025,47.662089552238804,46.0,0.04517412935323383,0.32099502487562187,0.42268656716417913,0.21114427860696516,0.5221890547263681,0.4778109452736318,0.14348258706467662,0.1771144278606965,0.16298507462686568,0.14348258706467662,0.1389054726368159,0.09512437810945273,0.1389054726368159,2024091311-1.pdf,103,5,344,2,1,2,0,457,0,2,459,0,True,0.7527352297592997,0.22538293216630198,0.010940919037199124,0.002188183807439825,0.09134328358208955,0.00875273522975939
Rohaniya,91,4993,47.74243941518125,46.0,0.04366112557580613,0.3234528339675546,0.4225916282795914,0.21029441217704786,0.5117164029641498,0.48828359703585017,0.14820749048668136,0.18085319447226117,0.1616262767875025,0.13118365711996796,0.14840777087923093,0.10154215902263168,0.12817945123172442,2024091311-1.pdf,171,6,332,0,0,1,1,511,0,2,513,0,True,0.649706457925636,0.33463796477495106,0.011741682974559686,0.0,0.10274384137792911,0.003913894324853229
Rohaniya,101,4924,47.72948822095857,46.0,0.039601949634443544,0.3188464662875711,0.4250609260763607,0.2164906580016247,0.541429731925264,0.458570268074736,0.14703493095044678,0.17810722989439481,0.16815597075548336,0.13281884646628758,0.14845653939886272,0.09727863525588952,0.12814784727863526,2024091311-1.pdf,303,2,257,2,0,0,0,564,0,2,566,0,True,0.45567375886524825,0.5372340425531915,0.0035460992907801418,0.0,0.11494719740048741,0.0035460992907800915
Rohaniya,106,5013,47.287253141831236,45.0,0.049072411729503294,0.32974266906044286,0.41192898463993616,0.2092559345701177,0.5176540993417116,0.4823459006582885,0.13923798124875325,0.17693995611410332,0.16297626171952923,0.14562138440055855,0.13923798124875325,0.10771992818671454,0.12826650708158788,2024091311-1.pdf,527,9,109,1,1,0,1,648,0,2,650,0,True,0.16820987654320987,0.8132716049382716,0.013888888888888888,0.0015432098765432098,0.12966287652104527,0.0030864197530865445
Rohaniya,111,5052,47.30878859857482,45.0,0.04809976247030879,0.32897862232779096,0.415083135391924,0.20783847980997625,0.5255344418052257,0.4744655581947744,0.1583531274742676,0.17814726840855108,0.15320665083135393,0.1405384006334125,0.14429928741092637,0.10273159144893111,0.1227236737925574,2024091311-1.pdf,304,11,311,2,1,0,1,630,0,5,635,0,True,0.4936507936507937,0.48253968253968255,0.01746031746031746,0.0015873015873015873,0.12569279493269991,0.004761904761904634
Rohaniya,116,4825,47.472331606217615,46.0,0.041036269430051814,0.32808290155440417,0.42424870466321246,0.2066321243523316,0.5264248704663212,0.47357512953367875,0.14321243523316063,0.18155440414507773,0.157720207253886,0.15025906735751296,0.13512953367875646,0.10093264248704663,0.13119170984455958,2024091311-1.pdf,254,5,383,4,1,4,4,655,0,3,658,0,True,0.5847328244274809,0.38778625954198476,0.007633587786259542,0.0015267175572519084,0.13637305699481866,0.018320610687022953
Rohaniya,121,4793,47.253286042144794,45.0,0.04965574796578343,0.3361151679532652,0.4083037763404966,0.20592530774045484,0.5268099311495932,0.4731900688504068,0.1546004590027123,0.17817650740663468,0.1692050907573545,0.13519716252868766,0.143959941581473,0.0988942207385771,0.11996661798456082,2024091311-1.pdf,195,11,469,2,0,3,1,681,0,7,688,0,True,0.6886930983847284,0.28634361233480177,0.016152716593245228,0.0,0.1435426663884832,0.008810572687224627
Rohaniya,126,4802,47.756143273635985,46.0,0.04602249062890462,0.3107038733860891,0.42919616826322365,0.2140774677217826,0.5208246563931695,0.4791753436068305,0.1405664306538942,0.1832569762598917,0.1628488129945856,0.14369012911286963,0.13973344439816743,0.09662640566430654,0.13327780091628488,2024091311-1.pdf,168,5,372,2,0,0,0,547,0,2,549,0,True,0.680073126142596,0.3071297989031079,0.009140767824497258,0.0,0.11432736359850063,0.003656307129798919
Rohaniya,131,4789,47.40718312800167,45.0,0.04635623303403633,0.32261432449363125,0.4280643140530382,0.2029651284192942,0.5195239089580288,0.4804760910419712,0.15285028189601169,0.17602839841302986,0.16537899352683233,0.14073919398621842,0.14053038212570473,0.09876801002296931,0.12570474002923365,2024091311-1.pdf,105,1,313,2,0,0,1,422,0,1,423,0,True,0.7417061611374408,0.24881516587677724,0.002369668246445498,0.0,0.08832741699728544,0.007109004739336511
Rohaniya,136,5066,47.69285432293723,46.0,0.0359257797078563,0.32688511646269247,0.4279510461902882,0.20923805763916306,0.5307935254638768,0.4692064745361232,0.14271614686142914,0.1798262929332807,0.16600868535333596,0.14429530201342283,0.14172917489143308,0.09514409790761942,0.13028030003947888,2024091311-1.pdf,204,15,545,0,2,1,0,767,0,2,769,0,True,0.7105606258148631,0.26597131681877445,0.01955671447196871,0.002607561929595828,0.15179628898539282,0.0013037809647977738
Rohaniya,141,4908,47.540546047269764,46.0,0.04625101874490627,0.3147921760391198,0.4315403422982885,0.20741646291768542,0.5185411572942136,0.4814588427057865,0.15831295843520782,0.18133659331703342,0.16157294213528933,0.14466177669111654,0.13243683781581092,0.10207823960880195,0.11960065199674001,2024091311-1.pdf,134,5,454,1,3,0,0,597,0,2,599,0,True,0.7604690117252931,0.22445561139028475,0.008375209380234505,0.005025125628140704,0.12204563977180113,0.0016750418760468344
Rohaniya,146,4837,47.19536903039074,46.0,0.04444903866032665,0.3291296258011164,0.4310523051478189,0.19536903039073805,0.5236716973330576,0.4763283026669423,0.1573289228860864,0.18523878437047755,0.1552615257390945,0.13727517056026461,0.14409758114533802,0.09634070704982427,0.12445730824891461,2024091311-1.pdf,117,18,410,3,0,0,0,548,0,4,552,0,True,0.7481751824817519,0.21350364963503649,0.032846715328467155,0.0,0.11412032251395493,0.005474452554744436
Rohaniya,151,4948,47.35832659660469,45.0,0.044058205335489084,0.32336297493936944,0.4284559417946645,0.20412287793047695,0.5183912691996766,0.48160873080032335,0.1475343573160873,0.18734842360549717,0.15905416329830235,0.13116410670978174,0.1402586903799515,0.10286984640258691,0.13177041228779304,2024091311-1.pdf,156,10,351,3,1,2,0,523,0,4,527,0,True,0.6711281070745698,0.2982791586998088,0.019120458891013385,0.0019120458891013384,0.1065076798706548,0.009560229445506607
Rohaniya,156,5026,47.49144448865897,46.0,0.04874651810584958,0.3159570234779148,0.43374452845204936,0.20155192996418622,0.5183048149621966,0.4816951850378034,0.14763231197771587,0.1804615996816554,0.15758058097890967,0.1317150815758058,0.13867886987664146,0.10445682451253482,0.13947473139673697,2024091311-1.pdf,185,21,295,2,0,1,1,505,0,1,506,0,True,0.5841584158415841,0.36633663366336633,0.041584158415841586,0.0,0.10067648229208118,0.007920792079207928
Rohaniya,161,5118,47.57112153184838,46.0,0.04435326299335678,0.32297772567409144,0.4251660805001954,0.20750293083235638,0.519538882375928,0.4804611176240719,0.14634622899570143,0.18366549433372412,0.16666666666666666,0.13833528722157093,0.1324736225087925,0.10101602188354826,0.1314966783899961,2024091311-1.pdf,89,3,353,2,0,1,2,450,0,4,454,0,True,0.7844444444444445,0.19777777777777777,0.006666666666666667,0.0,0.08870652598671357,0.01111111111111096
Rohaniya,166,4909,47.75147687920147,46.0,0.04950091668364229,0.30780199633326544,0.43287838663678957,0.2098187003463027,0.5100835200651864,0.48991647993481363,0.1576695864738236,0.18679975555102873,0.1582807089020167,0.14015074353228762,0.13729883886738645,0.09614992870238338,0.12365043797107354,2024091311-1.pdf,143,5,554,4,0,0,2,708,0,4,712,0,True,0.7824858757062146,0.2019774011299435,0.007062146892655367,0.0,0.14503972295783255,0.008474576271186529
Rohaniya,171,5072,47.88584384858044,46.0,0.04337539432176656,0.3099369085173502,0.4278391167192429,0.21884858044164038,0.5147870662460567,0.4852129337539432,0.15023659305993692,0.1709384858044164,0.1608832807570978,0.13820977917981073,0.1470820189274448,0.09660883280757097,0.13604100946372238,2024091311-1.pdf,147,18,488,4,0,3,0,660,0,5,665,0,True,0.7393939393939394,0.22272727272727272,0.02727272727272727,0.0,0.13111198738170346,0.010606060606060619
Rohaniya,176,4936,47.31158833063209,46.0,0.049027552674230146,0.3192868719611021,0.42382495948136145,0.20786061588330632,0.513776337115073,0.4862236628849271,0.14728525121555916,0.16997568881685576,0.17686385737439222,0.13290113452188007,0.14384116693679092,0.09846029173419774,0.13067260940032416,2024091311-1.pdf,168,12,328,3,0,1,0,512,0,3,515,0,True,0.640625,0.328125,0.0234375,0.0,0.1043354943273906,0.0078125
Rohaniya,181,4991,47.54377880184332,46.0,0.0426768182728912,0.3217792025646163,0.4293728711681026,0.2061711079943899,0.5295531957523543,0.4704468042476458,0.15347625726307354,0.17812061711079943,0.17311160088158686,0.13283911039871768,0.1446603886996594,0.09517130835503906,0.12262071729112402,2024091311-1.pdf,177,25,495,8,1,2,3,711,0,4,715,0,True,0.6962025316455697,0.2489451476793249,0.035161744022503515,0.0014064697609001407,0.14325786415547986,0.0182841068917019
Rohaniya,186,4819,47.35443037974684,46.0,0.0500103755965968,0.3289064121186968,0.413363768416684,0.2077194438680224,0.5154596389292384,0.4845403610707616,0.14442830462751607,0.17866777339697032,0.16497198588918863,0.13177007677941482,0.14380576883170781,0.10354845403610707,0.13280763643909524,2024091311-1.pdf,94,4,363,2,1,1,3,468,0,7,475,0,True,0.7756410256410257,0.20085470085470086,0.008547008547008548,0.002136752136752137,0.09856816766964101,0.012820512820512775
Rohaniya,191,4933,47.98135009122238,46.0,0.04338130954794243,0.309142509629029,0.424690857490371,0.2227853233326576,0.512872491384553,0.487127508615447,0.14413136022704237,0.18528278937766066,0.16338941820393268,0.1402797486316643,0.13987431583215082,0.09993918508007298,0.1271031826474762,2024091311-1.pdf,157,16,277,2,1,0,1,454,0,3,457,0,True,0.6101321585903083,0.3458149779735683,0.03524229074889868,0.0022026431718061676,0.09264139468883033,0.0066079295154184425
Rohaniya,196,5140,47.333268482490276,46.0,0.047665369649805445,0.3256809338521401,0.42217898832684825,0.20447470817120622,0.5140077821011673,0.4859922178988327,0.14708171206225681,0.17879377431906615,0.16381322957198444,0.1303501945525292,0.13929961089494164,0.1103112840466926,0.1303501945525292,2024091311-1.pdf,154,20,517,1,0,1,3,696,0,7,703,0,True,0.742816091954023,0.22126436781609196,0.028735632183908046,0.0,0.13677042801556422,0.007183908045977017
Rohaniya,201,5094,47.49273655280722,46.0,0.048292108362779744,0.3160581075775422,0.42913231252453865,0.20651747153513939,0.5245386729485669,0.47546132705143307,0.14683941892422459,0.1839418924224578,0.15174715351393797,0.13564978405967806,0.138201806046329,0.10895170789163722,0.13466823714173537,2024091311-1.pdf,192,9,481,3,0,0,0,685,0,7,692,0,True,0.7021897810218978,0.28029197080291973,0.013138686131386862,0.0,0.1358460934432666,0.004379562043795637
Rohaniya,206,4837,47.57556336572256,46.0,0.048170353524912134,0.3181724209220591,0.4209220591275584,0.21273516642547033,0.5178829853214802,0.48211701467851975,0.1445110605747364,0.1740748397767211,0.16394459375646062,0.13975604713665496,0.1350010336985735,0.10729791192888154,0.1354145131279719,2024091311-1.pdf,95,10,406,6,1,4,2,524,0,5,529,0,True,0.7748091603053435,0.18129770992366412,0.019083969465648856,0.0019083969465648854,0.10936530907587348,0.022900763358778664
Rohaniya,211,5005,47.602797202797206,46.0,0.04455544455544456,0.3202797202797203,0.4251748251748252,0.20999000999001,0.5164835164835165,0.4835164835164835,0.15024975024975026,0.17262737262737263,0.15764235764235765,0.14345654345654346,0.14065934065934066,0.0979020979020979,0.13746253746253748,2024091311-1.pdf,187,7,411,3,0,1,0,609,0,8,617,0,True,0.6748768472906403,0.3070607553366174,0.011494252873563218,0.0,0.12327672327672327,0.006568144499179085
Rohaniya,221,4911,47.57870087558542,46.0,0.046426389737324374,0.31928324170230094,0.41539401343921806,0.2188963551211566,0.5170026471187131,0.4829973528812869,0.15373650987578905,0.17756057829362656,0.16595398085929547,0.12583995113011606,0.1364284259824883,0.10384850335980451,0.13663205049888005,2024091311-1.pdf,162,10,462,3,3,1,1,642,0,6,648,0,True,0.719626168224299,0.2523364485981308,0.01557632398753894,0.004672897196261682,0.13194868662186926,0.007788161993769638
Rohaniya,226,5116,47.52032838154808,46.0,0.044761532447224396,0.32232212666145427,0.426505082095387,0.20641125879593433,0.5140734949179047,0.4859265050820954,0.1473807662236122,0.18647380766223612,0.16282251759186864,0.13936669272869429,0.14464425332290853,0.09421422986708367,0.12509773260359655,2024091311-1.pdf,360,28,310,4,2,0,1,705,0,4,709,0,True,0.4397163120567376,0.5106382978723404,0.03971631205673759,0.0028368794326241137,0.13858483189992182,0.007092198581560183
Rohaniya,231,5012,47.74660814046289,46.0,0.04668794892258579,0.3148443735035914,0.4257781324820431,0.21268954509177973,0.5191540303272146,0.4808459696727853,0.16380686352753393,0.19034317637669593,0.15901835594573024,0.13647246608140462,0.13268156424581007,0.09776536312849161,0.1199122106943336,2024091311-1.pdf,132,2,403,1,1,1,0,540,0,7,547,0,True,0.7462962962962963,0.24444444444444444,0.003703703703703704,0.001851851851851852,0.10913806863527534,0.0037037037037036535
Rohaniya,236,5029,47.47385166036985,46.0,0.04394511831378008,0.31994432292702324,0.4316961622588984,0.20441439650029827,0.5134221515211772,0.48657784847882285,0.14973155696957646,0.1765758600119308,0.16007158480811295,0.1403857625770531,0.1405846092662557,0.104394511831378,0.128256114535693,2024091311-1.pdf,192,8,314,3,2,1,2,522,0,4,526,0,True,0.6015325670498084,0.367816091954023,0.01532567049808429,0.0038314176245210726,0.10459335852058063,0.011494252873563204
Rohaniya,241,4874,47.775543701272056,46.0,0.04595814526056627,0.3192449733278621,0.41793188346327453,0.21686499794829708,0.5118998768978252,0.4881001231021748,0.15510874025441115,0.17439474764054164,0.16393106278210914,0.14095199015182602,0.1389002872384079,0.10299548625359048,0.12371768567911366,2024091311-1.pdf,242,35,436,3,3,5,4,728,0,8,736,0,True,0.5989010989010989,0.3324175824175824,0.04807692307692308,0.004120879120879121,0.15100533442757488,0.016483516483516425
Rohaniya,246,4834,47.35705419942077,45.0,0.04364915184112536,0.32850641290856436,0.4209764170459247,0.2068680182043856,0.5097227968556062,0.4902772031443939,0.1448076127430699,0.18618121638394705,0.15432354158047165,0.14460074472486553,0.141083988415391,0.10281340504757965,0.12618949110467523,2024091311-1.pdf,121,3,286,0,1,1,0,412,0,0,412,0,True,0.6941747572815534,0.2936893203883495,0.007281553398058253,0.0024271844660194173,0.08522962350020687,0.0024271844660194164
Rohaniya,251,5048,47.353605388272584,46.0,0.046553090332805074,0.3201267828843106,0.43106180665610144,0.20225832012678288,0.5184231378763867,0.48157686212361334,0.14659270998415214,0.17967511885895404,0.15847860538827258,0.13648969889064977,0.14421553090332806,0.09706814580031696,0.13748019017432647,2024091311-1.pdf,177,11,499,2,2,0,2,693,0,9,702,0,True,0.7200577200577201,0.2554112554112554,0.015873015873015872,0.002886002886002886,0.13906497622820918,0.005772005772005651
Rohaniya,256,4772,47.92979882648785,46.0,0.04631181894383906,0.3176865046102263,0.4189019279128248,0.21709974853310982,0.5182313495389773,0.48176865046102263,0.15758591785414922,0.17958927074601844,0.14962279966471081,0.1406119027661358,0.13788767812238056,0.10142497904442582,0.13327745180217937,2024091311-1.pdf,193,3,238,1,3,0,0,438,0,1,439,0,True,0.54337899543379,0.4406392694063927,0.00684931506849315,0.00684931506849315,0.09199497066219614,0.0022831050228309113
Rohaniya,261,4980,47.16767068273092,45.0,0.04558232931726908,0.3325301204819277,0.42449799196787147,0.19738955823293172,0.5146586345381526,0.48534136546184736,0.15502008032128514,0.186144578313253,0.16204819277108434,0.1429718875502008,0.13012048192771083,0.1,0.12369477911646587,2024091311-1.pdf,298,56,240,2,0,1,1,598,0,2,600,0,True,0.4013377926421405,0.4983277591973244,0.09364548494983277,0.0,0.12048192771084337,0.006688963210702337
Rohaniya,266,4908,47.192542787286065,46.0,0.05012224938875306,0.32660961695191526,0.4207416462917685,0.20252648736756315,0.5264873675631622,0.47351263243683783,0.15138549307253463,0.16768541157294214,0.16687041564792177,0.13773431132844335,0.14201303993480033,0.1006519967400163,0.1336593317033415,2024091311-1.pdf,116,5,374,1,7,0,0,503,0,1,504,0,True,0.7435387673956262,0.23061630218687873,0.009940357852882704,0.013916500994035786,0.10268948655256724,0.001988071570576566
Rohaniya,271,4840,47.2754132231405,45.0,0.04607438016528926,0.3328512396694215,0.42024793388429754,0.20082644628099172,0.5301652892561983,0.4698347107438017,0.15268595041322314,0.18615702479338844,0.15206611570247933,0.1415289256198347,0.13698347107438016,0.10661157024793388,0.12396694214876033,2024091311-1.pdf,304,10,266,1,0,1,1,583,0,2,585,0,True,0.4562607204116638,0.5214408233276158,0.017152658662092625,0.0,0.12086776859504132,0.005145797598627877
Rohaniya,276,5038,47.45772131798333,45.0,0.04208019055180627,0.33048828900357285,0.4186184994045256,0.20881302104009528,0.5121079793568877,0.4878920206431123,0.14549424374751885,0.18003175863437873,0.15343390234219928,0.14589122667725288,0.14311234616911472,0.1000396982929734,0.13199682413656214,2024091311-1.pdf,381,3,142,2,0,2,2,532,0,0,532,0,True,0.2669172932330827,0.7161654135338346,0.005639097744360902,0.0,0.1055974593092497,0.011278195488721887
Rohaniya,281,4891,47.65180944592108,46.0,0.04130034757718258,0.3222244939685136,0.4258842772439174,0.2105908812103864,0.5146186873849928,0.48538131261500717,0.15007156000817828,0.18114904927417705,0.15313841750153342,0.13862195869965244,0.14434675935391536,0.10161521161316704,0.13105704354937642,2024091311-1.pdf,127,3,209,0,0,1,0,340,0,0,340,0,True,0.6147058823529412,0.3735294117647059,0.008823529411764706,0.0,0.06951543651604988,0.002941176470588225
Rohaniya,286,5071,47.407217511338985,46.0,0.04653914415302702,0.3295208045750345,0.418063498323802,0.20587655294813645,0.5255373693551568,0.47446263064484323,0.15933740879510944,0.17787418655097614,0.16663380003943995,0.14080063103924276,0.14198382961940445,0.09268388877933346,0.12068625517649378,2024091311-1.pdf,78,5,406,0,1,2,0,492,0,3,495,0,True,0.8252032520325203,0.15853658536585366,0.01016260162601626,0.0020325203252032522,0.09761388286334056,0.004065040650406471
Rohaniya,291,5114,47.57000391083301,46.0,0.043214704732107936,0.32440359796636686,0.4296050058662495,0.2027766914352757,0.5338287055142745,0.4661712944857255,0.1509581540868205,0.1867422761048103,0.1732499022291748,0.1302307391474384,0.14196323816973017,0.09229565897536175,0.12456003128666406,2024091311-1.pdf,467,5,208,2,1,0,0,683,0,2,685,0,True,0.30453879941434847,0.6837481698389458,0.007320644216691069,0.0014641288433382138,0.13394603050449747,0.002928257686676372
Rohaniya,296,5121,47.59324350712751,46.0,0.046084749072446786,0.3214215973442687,0.42023042374536224,0.21226322983792228,0.5231400117164616,0.47685998828353837,0.15426674477641086,0.17730911931263424,0.159734426869752,0.13747314977543448,0.14274555750829915,0.09470806483108768,0.13376293692638155,2024091311-1.pdf,220,17,499,6,2,1,4,749,0,8,757,0,True,0.6662216288384513,0.2937249666221629,0.022696929238985315,0.0026702269692923898,0.14782269088068736,0.014686248331108098
Rohaniya,301,4965,47.49345417925478,46.0,0.042497482376636454,0.3264853977844914,0.4322255790533736,0.1987915407854985,0.527693856998993,0.47230614300100704,0.14823766364551863,0.18066465256797584,0.16696878147029204,0.13756294058408863,0.13897280966767372,0.09969788519637462,0.12789526686807653,2024091311-1.pdf,122,2,350,1,0,1,0,476,0,1,477,0,True,0.7352941176470589,0.25630252100840334,0.004201680672268907,0.0,0.09607250755287008,0.004201680672268893
Rohaniya,306,5017,47.55610922862268,46.0,0.04365158461231812,0.32429738887781545,0.42535379708989435,0.2066972294199721,0.5232210484353199,0.4767789515646801,0.1526808849910305,0.17560294997010165,0.15706597568267888,0.14690053817022125,0.1355391668327686,0.10105640821207894,0.13115407614112018,2024091311-1.pdf,106,6,563,4,1,0,0,680,0,6,686,0,True,0.8279411764705882,0.15588235294117647,0.008823529411764706,0.0014705882352941176,0.1367351006577636,0.005882352941176561
Rohaniya,311,4811,47.81147370609021,46.0,0.04302639783828726,0.31531906048638536,0.4286011224277697,0.2130534192475577,0.5221367699023072,0.47786323009769277,0.15506131781334442,0.18062772812305133,0.15859488671793806,0.1359384743296612,0.13884847225109126,0.10663063812097277,0.12429848264394097,2024091311-1.pdf,591,2,50,1,2,0,0,646,0,1,647,0,True,0.07739938080495357,0.9148606811145511,0.0030959752321981426,0.0030959752321981426,0.13448347536894617,0.001547987616098978
Rohaniya,316,4917,47.597925564368516,46.0,0.04942037827943868,0.312385600976205,0.425869432580842,0.21232458816351435,0.5127110026438886,0.4872889973561115,0.1525320317266626,0.18344519015659955,0.15598942444580027,0.14073622127313404,0.1441936139922717,0.08785845027455766,0.13524506813097417,2024091311-1.pdf,480,2,142,3,4,0,0,631,0,1,632,0,True,0.22503961965134706,0.7606973058637084,0.003169572107765452,0.006339144215530904,0.12853365873500103,0.004754358161648153
Rohaniya,321,5099,47.586781721906256,46.0,0.04569523435967837,0.3175132378897823,0.4300843302608355,0.20670719748970387,0.5134340066679741,0.4865659933320259,0.1547362227887821,0.1796430672680918,0.15689350853108452,0.14453814473426163,0.13590900176505197,0.0955089233182977,0.13277113159443027,2024091311-1.pdf,537,2,141,2,0,1,1,684,0,1,685,0,True,0.20614035087719298,0.7850877192982456,0.0029239766081871343,0.0,0.13434006667974113,0.005847953216374324
Rohaniya,326,5028,47.35103420843278,45.0,0.04554494828957836,0.3317422434367542,0.41328560063643593,0.2094272076372315,0.5248607796340493,0.4751392203659507,0.15194908512330946,0.17959427207637232,0.1614956245027844,0.12907716785998408,0.14419252187748607,0.10202863961813842,0.13166268894192523,2024091311-1.pdf,700,6,18,0,2,1,1,728,0,2,730,0,True,0.024725274725274724,0.9615384615384616,0.008241758241758242,0.0027472527472527475,0.14518695306284804,0.0027472527472527375
Rohaniya,331,5083,47.24119614400944,45.0,0.04721621089907535,0.3316938815660043,0.4178634664568168,0.20322644107810348,0.5286248278575645,0.4713751721424356,0.15010820381664372,0.18433995671847334,0.14774739327168995,0.14302577218178242,0.13928782215227228,0.10171158764509149,0.13377926421404682,2024091311-1.pdf,562,0,29,0,4,2,0,597,0,5,602,0,True,0.048576214405360134,0.9413735343383585,0.0,0.006700167504187605,0.11843399567184733,0.003350083752093891
Rohaniya,341,4903,47.77381195186621,46.0,0.04629818478482562,0.32163981235977973,0.4113807872730981,0.22068121558229656,0.5070365082602488,0.4929634917397512,0.15031613297980828,0.17988986334897003,0.16275749541097287,0.14868447889047523,0.13746685702631042,0.08994493167448502,0.13094024066897816,2024091311-1.pdf,112,1,502,3,1,0,1,620,0,2,622,0,True,0.8096774193548387,0.18064516129032257,0.0016129032258064516,0.0016129032258064516,0.12686110544564552,0.006451612903225823
Rohaniya,346,4792,47.86247913188648,46.0,0.046953255425709516,0.31719532554257096,0.4188230383973289,0.21702838063439064,0.5141903171953256,0.48580968280467446,0.15087646076794659,0.18969115191986644,0.15505008347245408,0.13209515859766277,0.13376460767946577,0.10517529215358931,0.13334724540901502,2024091311-1.pdf,400,2,212,1,1,0,0,616,0,4,620,0,True,0.34415584415584416,0.6493506493506493,0.003246753246753247,0.0016233766233766235,0.1293823038397329,0.0016233766233766378
Rohaniya,351,5043,47.35950822922863,45.0,0.044418005155661314,0.3319452706722189,0.4211778703152885,0.20245885385683124,0.5272655165576046,0.4727344834423954,0.14653975808050762,0.1871901645845727,0.1584374380329169,0.14475510608764625,0.13761649811620066,0.09438826095578029,0.13107277414237556,2024091311-1.pdf,627,2,39,0,3,2,0,673,0,1,674,0,True,0.05794947994056464,0.9316493313521546,0.0029717682020802376,0.004457652303120356,0.13365060479873092,0.002971768202080227
Rohaniya,356,5021,47.74088826926907,46.0,0.04620593507269468,0.31248755228042224,0.42999402509460266,0.2113124875522804,0.5267874925313683,0.47321250746863175,0.15315674168492333,0.18323043218482374,0.1617207727544314,0.14280023899621588,0.13782115116510654,0.10057757418840868,0.12069308902609042,2024091311-1.pdf,119,9,517,3,6,1,0,655,0,6,661,0,True,0.7893129770992366,0.18167938931297709,0.013740458015267175,0.00916030534351145,0.13164708225453098,0.006106870229007688
Rohaniya,361,4918,47.264945099634,45.0,0.04290361935746238,0.3336722244814965,0.4239528263521757,0.1994713298088654,0.5087433916226108,0.49125660837738916,0.1494509963399756,0.18828792191947946,0.1642944286295242,0.14192761285075234,0.1283041886945913,0.10044733631557544,0.12728751525010168,2024091311-1.pdf,658,1,15,1,4,0,0,679,0,0,679,0,True,0.022091310751104567,0.9690721649484536,0.0014727540500736377,0.005891016200294551,0.13806425376169174,0.0014727540500736325
Rohaniya,366,4942,47.328611898016995,45.0,0.046742209631728045,0.3235532173209227,0.4251315256980979,0.2045730473492513,0.5339943342776204,0.4660056657223796,0.1426547956292999,0.17503035208417644,0.15864022662889518,0.14649939295831646,0.13294212869283692,0.09995953055443141,0.1442735734520437,2024091311-1.pdf,426,2,32,1,1,1,1,464,0,5,469,0,True,0.06896551724137931,0.9181034482758621,0.004310344827586207,0.0021551724137931034,0.09490084985835694,0.006465517241379226
Rohaniya,371,4815,47.53582554517134,46.0,0.047559709241952235,0.3171339563862928,0.4276220145379024,0.20768431983385255,0.5185877466251299,0.4814122533748702,0.1526479750778816,0.17881619937694704,0.1580477673935618,0.14558670820353065,0.13748701973001037,0.09989615784008307,0.12751817237798546,2024091311-1.pdf,728,1,23,1,1,0,3,757,0,5,762,0,True,0.03038309114927345,0.9616908850726552,0.001321003963011889,0.001321003963011889,0.15825545171339564,0.005284015852047519
Rohaniya,376,5030,47.623061630218686,46.0,0.04751491053677932,0.31491053677932407,0.42783300198807156,0.20974155069582506,0.5248508946322068,0.47514910536779326,0.14731610337972167,0.1797216699801193,0.15268389662027834,0.14314115308151093,0.13797216699801193,0.10556660039761431,0.13359840954274355,2024091311-1.pdf,399,9,137,3,0,1,1,550,0,1,551,0,True,0.24909090909090909,0.7254545454545455,0.016363636363636365,0.0,0.10954274353876739,0.009090909090909038
Rohaniya,381,4785,47.44973876698015,46.0,0.04493207941483804,0.3322884012539185,0.41442006269592474,0.2083594566353187,0.5235109717868338,0.47648902821316613,0.15214211076280043,0.18474399164054336,0.16530825496342738,0.1400208986415883,0.13187042842215255,0.09446185997910136,0.13145245559038662,2024091311-1.pdf,479,1,68,1,3,1,2,555,0,3,558,0,True,0.12252252252252252,0.863063063063063,0.0018018018018018018,0.005405405405405406,0.11661442006269593,0.007207207207207356
Rohaniya,386,5022,47.50119474313023,45.0,0.049183592194344886,0.3213859020310633,0.4179609717244126,0.2114695340501792,0.5221027479091995,0.4778972520908005,0.15810434090003983,0.17602548785344485,0.1620868180007965,0.13739545997610514,0.14097968936678615,0.09896455595380327,0.1264436479490243,2024091311-1.pdf,596,2,29,2,1,3,0,633,0,2,635,0,True,0.045813586097946286,0.9415481832543444,0.00315955766192733,0.001579778830963665,0.1264436479490243,0.007898894154818259
Rohaniya,391,5103,47.45659416029786,45.0,0.04409171075837742,0.3276504017244758,0.42132079169116204,0.2069370958259847,0.5189104448363707,0.4810895551636292,0.1557907113462669,0.1791103272584754,0.15618263766411913,0.13051146384479717,0.14638447971781304,0.1020968058005095,0.12992357436801882,2024091311-1.pdf,388,1,24,0,1,0,0,414,0,2,416,0,True,0.057971014492753624,0.9371980676328503,0.0024154589371980675,0.0024154589371980675,0.0815206741132667,0.0
Rohaniya,396,4850,47.65051546391753,46.0,0.04556701030927835,0.31237113402061856,0.4381443298969072,0.20391752577319588,0.5220618556701031,0.4779381443298969,0.14989690721649485,0.16721649484536083,0.16061855670103092,0.14061855670103093,0.14082474226804123,0.10577319587628865,0.13505154639175257,2024091311-1.pdf,137,2,505,2,0,1,0,647,0,4,651,0,True,0.7805255023183926,0.2117465224111283,0.0030911901081916537,0.0,0.13422680412371135,0.004636785162287382
Rohaniya,401,5022,47.44464356829948,46.0,0.04679410593389088,0.328952608522501,0.41557148546395856,0.20868180007964954,0.534647550776583,0.46535244922341695,0.14894464356829948,0.18080446037435285,0.16069295101553166,0.14297092791716448,0.13759458383114298,0.09159697331740342,0.13739545997610514,2024091311-1.pdf,145,6,404,3,1,0,1,560,0,2,562,0,True,0.7214285714285714,0.25892857142857145,0.010714285714285714,0.0017857142857142857,0.11190760653126244,0.0071428571428571175
Sevapuri,5,5005,47.30629370629371,45.0,0.04235764235764236,0.3334665334665335,0.42437562437562437,0.1998001998001998,0.5114885114885115,0.4885114885114885,0.14285714285714285,0.17762237762237762,0.17362637362637362,0.13666333666333666,0.13686313686313686,0.0971028971028971,0.13526473526473526,2024091341.pdf,351,0,92,1,0,1,0,445,0,1,446,0,True,0.20674157303370785,0.7887640449438202,0.0,0.0,0.08911088911088912,0.004494382022471877
Sevapuri,10,4849,47.66756032171582,46.0,0.04145184574138998,0.3239843266652918,0.4260672303567746,0.20849659723654362,0.5215508352237574,0.4784491647762425,0.14539080222726336,0.1950917714992782,0.1627139616415756,0.13714167869663849,0.13961641575582595,0.09960816663229533,0.12043720354712312,2024091341.pdf,421,8,140,0,0,1,0,570,0,2,572,0,True,0.24561403508771928,0.7385964912280701,0.014035087719298246,0.0,0.11796246648793565,0.0017543859649122862
Sevapuri,15,5050,47.94712871287129,46.0,0.042772277227722776,0.30633663366336633,0.43643564356435643,0.21445544554455445,0.5178217821782178,0.48217821782178216,0.14237623762376236,0.18217821782178217,0.15425742574257426,0.13782178217821783,0.14594059405940593,0.10257425742574257,0.13485148514851486,2024091341.pdf,132,4,541,2,1,2,0,682,0,0,682,0,True,0.7932551319648093,0.1935483870967742,0.005865102639296188,0.001466275659824047,0.13504950495049506,0.0058651026392961825
Sevapuri,20,4777,47.50680343311702,46.0,0.041448607912916054,0.3284488172493197,0.4218128532551811,0.20828972158258321,0.5168515804898471,0.4831484195101528,0.14339543646640152,0.18484404437931756,0.15072221059242202,0.13669667155118276,0.14088339962319446,0.10508687460749425,0.13837136277998743,2024091341.pdf,118,14,591,4,1,2,0,730,0,2,732,0,True,0.8095890410958904,0.16164383561643836,0.019178082191780823,0.0013698630136986301,0.15323424743562905,0.008219178082191747
Sevapuri,25,4762,47.38093238135237,46.0,0.04472910541789164,0.3236035279294414,0.43112137757244856,0.2005459890802184,0.5266694666106678,0.47333053338933223,0.15329693406131878,0.1858462830743385,0.15833683326333473,0.1373372532549349,0.13292734145317095,0.09785804283914322,0.13439731205375893,2024091341.pdf,101,5,377,1,1,0,0,485,0,5,490,0,True,0.777319587628866,0.20824742268041238,0.010309278350515464,0.002061855670103093,0.10289794204115918,0.0020618556701030855
Sevapuri,30,4929,47.57415297220532,46.0,0.043010752688172046,0.32826131061067154,0.42036924325420977,0.20835869344694663,0.5108541286264963,0.48914587137350374,0.14932034895516333,0.18523026983160884,0.1610874416717387,0.13227835260701967,0.1436396835057821,0.10367214445120713,0.12477175897748022,2024091341.pdf,263,4,374,2,2,2,0,647,0,7,654,0,True,0.5780525502318392,0.40649149922720246,0.0061823802163833074,0.0030911901081916537,0.13268411442483263,0.0061823802163833985
Sevapuri,35,5046,47.42608006341657,46.0,0.044589774078478,0.32936979785969084,0.42172017439556087,0.20432025366627032,0.5249702734839476,0.4750297265160523,0.15021799445105033,0.1848989298454221,0.15755053507728894,0.14546175188267935,0.13158937772493065,0.09988109393579073,0.1304003170828379,2024091341.pdf,226,7,433,1,1,1,0,669,0,1,670,0,True,0.6472346786248132,0.33781763826606875,0.01046337817638266,0.0014947683109118087,0.13277843836702338,0.002989536621823552
Sevapuri,40,5138,47.63954846243674,46.0,0.04242896068509148,0.3164655507979759,0.43149085247177893,0.20961463604515376,0.5212144803425457,0.47878551965745425,0.15725963409887114,0.17594394706111327,0.16173608407940834,0.1405216037368626,0.1401323472168159,0.09711950175165435,0.12728688205527441,2024091341.pdf,102,9,315,2,0,0,1,429,0,7,436,0,True,0.7342657342657343,0.23776223776223776,0.02097902097902098,0.0,0.08485792137018296,0.006993006993006978
Sevapuri,45,5080,47.5742125984252,46.0,0.046456692913385826,0.3214566929133858,0.4238188976377953,0.20826771653543308,0.5196850393700787,0.48031496062992124,0.14429133858267718,0.18444881889763778,0.15688976377952757,0.140748031496063,0.1340551181102362,0.10511811023622047,0.1344488188976378,2024091341.pdf,66,0,501,1,0,0,0,568,0,8,576,0,True,0.8820422535211268,0.11619718309859155,0.0,0.0,0.11338582677165354,0.0017605633802817433
Sevapuri,50,5132,47.73830865159782,46.0,0.04579111457521434,0.3197583787996882,0.421473109898675,0.21297739672642244,0.5177318784099766,0.48226812159002336,0.15802805923616522,0.18082618862042088,0.16212003117692908,0.13893219017926733,0.13951675759937646,0.09859703819173811,0.12197973499610289,2024091341.pdf,163,6,509,2,0,0,0,680,0,5,685,0,True,0.7485294117647059,0.23970588235294119,0.008823529411764706,0.0,0.13347622759158223,0.002941176470588225
Sevapuri,55,4965,47.698690835850954,46.0,0.045720040281973816,0.311178247734139,0.4348439073514602,0.208257804632427,0.5125881168177241,0.4874118831822759,0.15609264853977844,0.1732124874118832,0.15911379657603222,0.13212487411883184,0.1379657603222558,0.10473313192346426,0.13675730110775428,2024091341.pdf,181,7,347,2,1,0,0,538,0,3,541,0,True,0.6449814126394052,0.33643122676579923,0.013011152416356878,0.0018587360594795538,0.10896273917421953,0.0037174721189591198
Sevapuri,60,4933,47.121224407054534,45.0,0.04986823434015812,0.33610379079667546,0.4092844111088587,0.20474356375430772,0.5213865801743361,0.4786134198256639,0.15548347861341982,0.17007905939590512,0.15913237380904116,0.14068518143117778,0.14453679302655584,0.1056152442732617,0.12446786945063856,2024091341.pdf,125,13,432,2,1,1,1,575,0,4,579,0,True,0.7513043478260869,0.21739130434782608,0.022608695652173914,0.0017391304347826088,0.11737279545915265,0.006956521739130528
Sevapuri,65,5063,47.443610507604184,46.0,0.052538020936203834,0.3213509776812167,0.41477384949634605,0.21133715188623345,0.5123444598064388,0.4876555401935611,0.1505036539601027,0.17440252814536836,0.16353940351570215,0.14615840410823622,0.1378629271183093,0.09263282638751728,0.13490025676476397,2024091341.pdf,179,25,346,2,0,1,1,554,0,4,558,0,True,0.6245487364620939,0.3231046931407942,0.04512635379061372,0.0,0.11021133715188623,0.0072202166064982976
Sevapuri,70,4901,47.72577025096919,46.0,0.04346051826157927,0.3227912670883493,0.4217506631299735,0.21199755152009794,0.5315241787390329,0.46847582126096715,0.15119363395225463,0.17486227300550908,0.16139563354417466,0.14650071413997143,0.13935931442562743,0.09712303611507855,0.12956539481738422,2024091341.pdf,107,8,466,1,0,0,1,583,0,8,591,0,True,0.7993138936535163,0.1835334476843911,0.0137221269296741,0.0,0.1205876351764946,0.0034305317324184736
Sevapuri,75,4968,46.96980676328502,45.0,0.04508856682769726,0.34339774557165864,0.411231884057971,0.2002818035426731,0.5100644122383253,0.48993558776167473,0.14673913043478262,0.1892109500805153,0.1610305958132045,0.14452495974235105,0.1322463768115942,0.09963768115942029,0.12661030595813205,2024091341.pdf,91,2,569,1,0,0,2,665,0,8,673,0,True,0.8556390977443609,0.1368421052631579,0.0030075187969924814,0.0,0.13546698872785828,0.004511278195488799
Sevapuri,80,4930,47.42535496957404,46.0,0.04827586206896552,0.3223123732251521,0.41643002028397563,0.2129817444219067,0.5334685598377282,0.4665314401622718,0.1434077079107505,0.17586206896551723,0.16247464503042597,0.14219066937119676,0.1486815415821501,0.09716024340770792,0.13022312373225153,2024091341.pdf,143,6,463,3,0,1,4,620,0,5,625,0,True,0.7467741935483871,0.2306451612903226,0.00967741935483871,0.0,0.12677484787018256,0.012903225806451535
Sevapuri,85,4904,47.62969004893964,46.0,0.04057911908646003,0.3179037520391517,0.4333197389885807,0.2081973898858075,0.5157014681892332,0.4842985318107667,0.15599510603588906,0.17271615008156607,0.15579119086460033,0.14110929853181076,0.14661500815660686,0.09318923327895595,0.13458401305057097,2024091341.pdf,130,5,558,4,0,1,2,700,0,1,701,0,True,0.7971428571428572,0.18571428571428572,0.007142857142857143,0.0,0.14294453507340946,0.010000000000000009
Sevapuri,90,4887,47.866380192347044,46.0,0.045017393083691425,0.31348475547370575,0.4202987517904645,0.22119909965213833,0.516267648864334,0.48373235113566604,0.1516267648864334,0.1780233271945979,0.15797012482095354,0.13750767341927564,0.1416001636996112,0.1072232453447923,0.126048700634336,2024091341.pdf,100,4,628,3,0,0,1,736,0,6,742,0,True,0.8532608695652174,0.1358695652173913,0.005434782608695652,0.0,0.15183138940045018,0.005434782608695676
Sevapuri,95,5064,47.29660347551343,45.0,0.046800947867298576,0.328001579778831,0.4178515007898894,0.20734597156398105,0.5067140600315956,0.4932859399684044,0.15264612954186413,0.1796998420221169,0.1593601895734597,0.14435229067930488,0.1372432859399684,0.10169826224328594,0.125,2024091341.pdf,413,13,316,5,0,0,0,747,0,2,749,0,True,0.42302543507362783,0.5528781793842035,0.01740294511378849,0.0,0.14790679304897314,0.006693440428380271
Sevapuri,100,5019,47.67662881052002,46.0,0.04662283323371189,0.3157999601514246,0.4295676429567643,0.20800956365809922,0.5258019525801952,0.47419804741980476,0.1470412432755529,0.1777246463438932,0.1585973301454473,0.14425184299661287,0.14046622833233713,0.10141462442717673,0.13050408447897988,2024091341.pdf,215,2,351,1,0,2,0,571,0,2,573,0,True,0.6147110332749562,0.37653239929947463,0.0035026269702276708,0.0,0.114166168559474,0.005253940455341555
Sevapuri,105,4844,47.142857142857146,45.0,0.049752270850536746,0.33629232039636664,0.40916597853014036,0.20478943022295623,0.5262180016515277,0.47378199834847234,0.14636663914120562,0.18022295623451692,0.1583402146985962,0.13996696944673823,0.14327002477291495,0.10569777043765483,0.12613542526837324,2024091341.pdf,142,10,363,2,0,3,1,521,0,4,525,0,True,0.6967370441458733,0.272552783109405,0.019193857965451054,0.0,0.10838150289017341,0.01151631477927062
Sevapuri,110,4998,47.51580632252901,46.0,0.047619047619047616,0.321328531412565,0.4257703081232493,0.20528211284513806,0.5114045618247299,0.4885954381752701,0.14705882352941177,0.18167266906762705,0.16926770708283315,0.14185674269707882,0.13205282112845138,0.09783913565426171,0.13025210084033614,2024091341.pdf,194,5,524,1,6,1,1,732,0,5,737,0,True,0.7158469945355191,0.2650273224043716,0.006830601092896175,0.00819672131147541,0.14745898359343737,0.004098360655737654
Sevapuri,115,4878,47.71750717507175,46.0,0.04366543665436654,0.31836818368183684,0.42127921279212793,0.21668716687166872,0.5272652726527265,0.47273472734727345,0.14883148831488316,0.1834768347683477,0.15744157441574416,0.14124641246412464,0.13755637556375563,0.10414104141041411,0.12730627306273062,2024091341.pdf,187,3,450,1,0,0,0,641,0,3,644,0,True,0.7020280811232449,0.2917316692667707,0.0046801872074883,0.0,0.13202132021320212,0.0015600624024961762
Sevapuri,125,4869,47.58061203532553,45.0,0.04703224481413021,0.31916204559457795,0.4175395358389813,0.21626617375231053,0.5177654549188745,0.4822345450811255,0.16040254672417334,0.18094064489628262,0.14849044978434997,0.14438283014992812,0.14068597247894846,0.0973505853357979,0.12774697063051962,2024091341.pdf,210,3,354,3,0,2,0,572,0,3,575,0,True,0.6188811188811189,0.36713286713286714,0.005244755244755245,0.0,0.11809406448962827,0.00874125874125875
Sevapuri,130,5015,47.915653040877366,46.0,0.04865403788634098,0.3106679960119641,0.41994017946161516,0.22073778664007976,0.5176470588235295,0.4823529411764706,0.1535393818544367,0.18125623130608176,0.16311066799601195,0.14097706879361915,0.13260219341974078,0.09571286141575275,0.13280159521435692,2024091341.pdf,215,11,352,5,5,1,0,589,0,1,590,0,True,0.597623089983022,0.36502546689303905,0.01867572156196944,0.008488964346349746,0.11764705882352941,0.01018675721561979
Sevapuri,135,4987,47.540204531782635,45.0,0.04491678363745739,0.3134148786845799,0.43473029877681973,0.20693803890114298,0.5097252857429316,0.49027471425706837,0.14477641868859034,0.1822739121716463,0.15981552035291757,0.14317224784439542,0.13575295768999399,0.10868257469420493,0.12552636855825144,2024091341.pdf,181,18,367,1,0,2,3,572,0,4,576,0,True,0.6416083916083916,0.31643356643356646,0.03146853146853147,0.0,0.11550030078203329,0.010489510489510523
Sevapuri,140,4968,47.83071658615137,46.0,0.051328502415458936,0.31300322061191627,0.4174718196457327,0.2181964573268921,0.519524959742351,0.480475040257649,0.14935587761674718,0.17995169082125603,0.16727053140096618,0.14049919484702095,0.143317230273752,0.09963768115942029,0.11996779388083736,2024091341.pdf,213,4,451,2,1,1,1,673,0,3,676,0,True,0.6701337295690936,0.3164933135215453,0.005943536404160475,0.0014858841010401188,0.1360708534621578,0.005943536404160565
Sevapuri,145,4800,47.20791666666667,46.0,0.05375,0.3179166666666667,0.42354166666666665,0.20479166666666668,0.5204166666666666,0.4795833333333333,0.15895833333333334,0.17875,0.15979166666666667,0.13479166666666667,0.139375,0.09625,0.13208333333333333,2024091341.pdf,132,13,384,2,0,2,1,534,0,2,536,0,True,0.7191011235955056,0.24719101123595505,0.024344569288389514,0.0,0.11166666666666666,0.009363295880149947
Sevapuri,150,4894,47.61728647323253,46.0,0.049039640375970577,0.306702084184716,0.43073150796894155,0.2135267674703719,0.515120555782591,0.4848794442174091,0.15059256232120966,0.17204740498569676,0.170004086636698,0.14078463424601553,0.13588067020841846,0.10788720882713526,0.12280343277482632,2024091341.pdf,121,21,386,1,1,1,0,531,0,5,536,0,True,0.7269303201506592,0.2278719397363465,0.03954802259887006,0.0018832391713747645,0.10952186350633429,0.0037664783427495685
Sevapuri,155,5110,47.9720156555773,46.0,0.043639921722113506,0.30802348336594915,0.43170254403131114,0.21663405088062623,0.5219178082191781,0.4780821917808219,0.14657534246575343,0.17632093933463797,0.1518590998043053,0.14285714285714285,0.13992172211350293,0.10841487279843444,0.13405088062622308,2024091341.pdf,380,77,43,2,1,1,0,504,0,2,506,0,True,0.08531746031746032,0.753968253968254,0.1527777777777778,0.001984126984126984,0.0990215264187867,0.005952380952380931
Sevapuri,160,4956,47.75161420500404,46.0,0.05185633575464084,0.3149717514124294,0.4102098466505246,0.22296206618240516,0.5304681194511703,0.4695318805488297,0.1585956416464891,0.18058918482647296,0.16081517352703795,0.14548022598870056,0.12691686844229216,0.09221146085552866,0.1353914447134786,2024091341.pdf,634,1,34,0,4,0,1,674,0,3,677,0,True,0.050445103857566766,0.9406528189910979,0.001483679525222552,0.005934718100890208,0.13660209846650526,0.0014836795252226587
Sevapuri,165,4852,47.63169826875515,46.0,0.04472382522671064,0.32749381698268754,0.4169414674361088,0.210840890354493,0.5232893652102226,0.47671063478977743,0.14798021434460015,0.1718878812860676,0.17126957955482275,0.1380873866446826,0.14014839241549876,0.09830997526793075,0.13231657048639736,2024091341.pdf,117,6,371,2,1,0,0,497,0,7,504,0,True,0.7464788732394366,0.23541247484909456,0.012072434607645875,0.002012072434607646,0.10387469084913438,0.004024144869215318
Sevapuri,170,4753,47.239848516726276,45.0,0.04670734273090679,0.33052808752366925,0.4172101830422891,0.20555438670313486,0.524300441826215,0.47569955817378495,0.1483273721859878,0.1716810435514412,0.16957710919419314,0.15001051967178625,0.14117399537134442,0.0976225541763097,0.12160740584893752,2024091341.pdf,146,0,523,2,0,1,0,672,0,3,675,0,True,0.7782738095238095,0.21726190476190477,0.0,0.0,0.14201556911424362,0.004464285714285698
Sevapuri,175,4973,47.70581138145988,46.0,0.04504323346068771,0.32113412427106375,0.42047054092097325,0.21335210134727528,0.5153830685702795,0.4846169314297205,0.14659159461089885,0.17554795897848383,0.15805348883973458,0.14679268047456265,0.1486024532475367,0.09491252764930626,0.12949929619947717,2024091341.pdf,285,13,448,3,1,2,2,754,0,7,761,0,True,0.5941644562334217,0.3779840848806366,0.017241379310344827,0.001326259946949602,0.15302634224813996,0.009283819628647216
Sevapuri,180,4988,47.54370489174018,46.0,0.04791499599037691,0.316158781074579,0.42742582197273454,0.20850040096230954,0.5154370489174017,0.4845629510825982,0.15417000801924619,0.18003207698476342,0.15878107457898957,0.13853247794707296,0.14194065757818766,0.09723336006415396,0.12931034482758622,2024091341.pdf,358,19,272,1,5,0,2,657,0,4,661,0,True,0.4140030441400304,0.5449010654490106,0.0289193302891933,0.0076103500761035,0.13251804330392944,0.004566210045662045
Sevapuri,185,5002,47.493802479008394,46.0,0.04358256697321072,0.32387045181927226,0.42742902838864455,0.20511795281887246,0.5289884046381448,0.4710115953618553,0.14254298280687724,0.18512594962015194,0.16933226709316274,0.14174330267892843,0.13574570171931227,0.09496201519392243,0.13054778088764493,2024091341.pdf,155,5,389,2,6,1,0,558,0,3,561,0,True,0.6971326164874552,0.2777777777777778,0.008960573476702509,0.010752688172043012,0.11215513794482207,0.005376344086021501
Sevapuri,190,4961,47.27696029026406,45.0,0.04434589800443459,0.328159645232816,0.4243096149969764,0.20318484176577303,0.5176375730699456,0.48236242693005443,0.15017133642410804,0.19149365047369482,0.1535980649062689,0.13485184438621245,0.13767385607740376,0.10421286031042129,0.12799838742189074,2024091341.pdf,652,7,33,0,4,3,0,699,0,3,702,0,True,0.04721030042918455,0.932761087267525,0.010014306151645207,0.005722460658082976,0.14150372908687764,0.0042918454935622075
Sevapuri,195,4805,47.77190426638918,46.0,0.04245577523413111,0.3211238293444329,0.42351716961498437,0.2129032258064516,0.5123829344432882,0.48761706555671175,0.1460978147762747,0.18480749219562956,0.15567117585848075,0.14193548387096774,0.15130072840790842,0.09427679500520292,0.1259105098855359,2024091341.pdf,190,0,317,2,1,2,2,514,0,6,520,0,True,0.6167315175097277,0.36964980544747084,0.0,0.0019455252918287938,0.10822060353798127,0.011673151750972721
Sevapuri,200,5044,47.568001586042826,46.0,0.043219666931007136,0.31819984139571766,0.43973037272006343,0.19885011895321172,0.5140761300555114,0.4859238699444885,0.1449246629659001,0.18199841395717684,0.16356066613798573,0.14611419508326726,0.13322759714512292,0.0971451229183188,0.1330293417922284,2024091341.pdf,86,2,576,1,1,0,0,666,0,2,668,0,True,0.8648648648648649,0.12912912912912913,0.003003003003003003,0.0015015015015015015,0.1324345757335448,0.0015015015015014122
Sevapuri,205,4884,47.71887796887797,46.0,0.04647829647829648,0.3165438165438165,0.4228091728091728,0.21416871416871416,0.5122850122850123,0.4877149877149877,0.15704340704340705,0.17485667485667486,0.16707616707616707,0.13104013104013104,0.13431613431613432,0.1036036036036036,0.13206388206388206,2024091341.pdf,106,8,579,3,1,2,1,700,0,5,705,0,True,0.8271428571428572,0.15142857142857144,0.011428571428571429,0.0014285714285714286,0.14434889434889434,0.008571428571428452
Sevapuri,210,4764,47.413308144416455,46.0,0.04764903442485306,0.32850545759865657,0.41750629722921917,0.2063392107472712,0.5277078085642317,0.4722921914357683,0.15554156171284636,0.16792611251049538,0.1616288832913518,0.14231738035264482,0.1376994122586062,0.10621326616288833,0.1286733837111671,2024091341.pdf,115,6,494,2,1,3,1,622,0,4,626,0,True,0.7942122186495176,0.18488745980707397,0.00964630225080386,0.001607717041800643,0.13140218303946263,0.009646302250803873
Sevapuri,215,4793,47.60525766743167,46.0,0.041727519298977674,0.329021489672439,0.4147715418318381,0.21447944919674525,0.5228458168161902,0.4771541831838097,0.15522637179219695,0.17546421865220113,0.1631546004590027,0.13144168579177967,0.136448988107657,0.10014604631754642,0.1381180888796161,2024091341.pdf,236,4,269,1,3,0,0,513,0,2,515,0,True,0.5243664717348928,0.4600389863547758,0.007797270955165692,0.005847953216374269,0.10744836219486752,0.0019493177387914784
Sevapuri,220,5015,47.3852442671984,46.0,0.04745762711864407,0.32163509471585244,0.4273180458624128,0.20358923230309073,0.5082751744765703,0.4917248255234297,0.15074775672981056,0.17766699900299102,0.16430707876370887,0.13898305084745763,0.1415752741774676,0.10089730807577268,0.12582253240279162,2024091341.pdf,542,4,56,2,0,1,3,608,0,10,618,0,True,0.09210526315789473,0.8914473684210527,0.006578947368421052,0.0,0.12323030907278165,0.009868421052631637
Sevapuri,225,4935,47.49300911854103,46.0,0.04417426545086119,0.32360688956433636,0.4269503546099291,0.20526849037487335,0.5325227963525836,0.4674772036474164,0.15764944275582574,0.17406281661600811,0.16474164133738603,0.13576494427558258,0.1398176291793313,0.10010131712259372,0.12786220871327253,2024091341.pdf,554,2,325,1,7,3,2,894,0,3,897,0,True,0.3635346756152125,0.6196868008948546,0.0022371364653243847,0.007829977628635347,0.1817629179331307,0.006711409395973145
Sevapuri,230,5020,47.39362549800797,46.0,0.04701195219123506,0.3237051792828685,0.42689243027888446,0.20239043824701194,0.5334661354581673,0.46653386454183265,0.14780876494023903,0.17808764940239044,0.1595617529880478,0.14322709163346614,0.13147410358565736,0.09860557768924302,0.14123505976095618,2024091341.pdf,491,5,94,1,0,0,2,593,0,1,594,0,True,0.15851602023608768,0.8279932546374368,0.008431703204047217,0.0,0.11832669322709163,0.005059021922428353
Sevapuri,235,5017,47.4719952162647,45.0,0.0424556507873231,0.33805062786525814,0.40881004584412994,0.21068367550328881,0.5357783535977676,0.4642216464022324,0.1482957942993821,0.18098465218257923,0.16165038867849313,0.14510663743272872,0.1367351006577636,0.10265098664540562,0.1245764401036476,2024091341.pdf,361,3,162,1,0,1,0,528,0,2,530,0,True,0.3068181818181818,0.6837121212121212,0.005681818181818182,0.0,0.10564082120789316,0.0037878787878787845
Sevapuri,245,4899,47.619514186568686,46.0,0.051847315778730356,0.3086344151867728,0.4343743621147173,0.20514390691977955,0.5270463359869361,0.4729536640130639,0.14737701571749337,0.1833027148397632,0.15758318024086548,0.14594815268422126,0.13574198816084915,0.10226576852418862,0.1277811798326189,2024091341.pdf,716,1,28,0,6,0,1,752,0,3,755,0,True,0.03723404255319149,0.9521276595744681,0.0013297872340425532,0.007978723404255319,0.15411308430291895,0.0013297872340425343
Sevapuri,250,4838,47.802190988011574,46.0,0.04526663910706904,0.3131459280694502,0.4319966928482844,0.20959073997519637,0.5169491525423728,0.4830508474576271,0.14758164530797852,0.17961967755270772,0.1614303431169905,0.1267052501033485,0.14634146341463414,0.10272840016535759,0.13559322033898305,2024091341.pdf,77,1,441,1,1,0,1,522,0,3,525,0,True,0.8448275862068966,0.1475095785440613,0.0019157088122605363,0.0019157088122605363,0.10851591566763125,0.003831417624520994
Sevapuri,255,4773,47.417766603813114,46.0,0.0517494238424471,0.3165723863398282,0.4299182903834067,0.20175989943431805,0.531112507856694,0.4688874921433061,0.14980096375445212,0.1759899434318039,0.16488581604860675,0.14393463230672532,0.13723025350932327,0.09847056358684265,0.12968782736224596,2024091341.pdf,100,0,541,2,0,1,0,644,0,5,649,0,True,0.8400621118012422,0.15527950310559005,0.0,0.0,0.13597318248481038,0.004658385093167738
Sevapuri,260,4838,47.688300950806116,46.0,0.038032244729226956,0.32100041339396446,0.43075651095494005,0.21021083092186854,0.5188094253823894,0.48119057461761056,0.14572137246796196,0.17341876808598594,0.15915667631252584,0.15047540305911533,0.13931376601901613,0.09735427862753204,0.13455973542786276,2024091341.pdf,61,2,558,3,0,0,0,624,0,1,625,0,True,0.8942307692307693,0.09775641025641026,0.003205128205128205,0.0,0.12918561389003722,0.004807692307692291
Sevapuri,265,5084,47.32808811959087,45.0,0.042486231313926044,0.3324154209284028,0.42210857592446893,0.20298977183320221,0.5060975609756098,0.49390243902439024,0.14004720692368214,0.1813532651455547,0.16542092840283243,0.14162077104642015,0.14476789929189615,0.09972462627852086,0.12706530291109364,2024091341.pdf,155,0,578,0,0,0,1,734,0,2,736,0,True,0.7874659400544959,0.2111716621253406,0.0,0.0,0.14476789929189615,0.0013623978201635634
Sevapuri,270,4815,47.4521287642783,46.0,0.04402907580477674,0.3268951194184839,0.4222222222222222,0.20685358255451713,0.5268951194184839,0.4731048805815161,0.14807892004153686,0.1881619937694704,0.16386292834890967,0.1360332294911734,0.13499480789200416,0.10031152647975078,0.12855659397715472,2024091341.pdf,121,1,560,1,0,2,0,685,0,3,688,0,True,0.8175182481751825,0.17664233576642335,0.00145985401459854,0.0,0.14288681204569054,0.004379562043795526
Sevapuri,275,4979,47.66680056236192,46.0,0.050010042177144005,0.3076923076923077,0.4296043382205262,0.21269331191002208,0.5221932114882507,0.47780678851174935,0.1452098815023097,0.18557943362120907,0.15746133761799558,0.13898373167302672,0.14340228961638884,0.09801164892548704,0.13135167704358305,2024091341.pdf,137,1,446,0,0,1,0,585,0,4,589,0,True,0.7623931623931623,0.2341880341880342,0.0017094017094017094,0.0,0.11829684675637678,0.0017094017094017033
Sevapuri,280,4871,47.25272018066106,45.0,0.04721823034284541,0.33073290905358244,0.41675220693902687,0.20529665366454528,0.5249435434202423,0.47505645657975776,0.14452884417983985,0.1777869020734962,0.15458838020940258,0.1365222746869226,0.14658181071648532,0.10264832683227264,0.1373434613015808,2024091341.pdf,226,2,278,2,1,0,0,509,0,0,509,0,True,0.5461689587426326,0.444007858546169,0.003929273084479371,0.0019646365422396855,0.10449599671525354,0.003929273084479434
Sevapuri,285,4793,47.873982891717084,46.0,0.043187982474441895,0.31337366993532234,0.42603797204256205,0.2174003755476737,0.5228458168161902,0.4771541831838097,0.15042770707281453,0.18193198414354267,0.1523054454412685,0.13582307531817234,0.1489672438973503,0.09952013352806176,0.13102441059878991,2024091341.pdf,64,1,472,7,1,1,1,547,0,6,553,0,True,0.8628884826325411,0.1170018281535649,0.0018281535648994515,0.0018281535648994515,0.11537659086167328,0.01645338208409519
Sevapuri,290,4880,47.62602459016394,46.0,0.04426229508196721,0.31331967213114753,0.43811475409836065,0.2043032786885246,0.521311475409836,0.4786885245901639,0.15122950819672132,0.17971311475409837,0.16495901639344263,0.14364754098360655,0.13729508196721313,0.10389344262295082,0.11926229508196722,2024091341.pdf,388,3,63,1,0,0,0,455,0,3,458,0,True,0.13846153846153847,0.8527472527472527,0.006593406593406593,0.0,0.09385245901639344,0.00219780219780219
Sevapuri,295,4837,47.74860450692578,46.0,0.04217490179863552,0.3161050237750672,0.4362207980152987,0.20549927641099855,0.5180897250361794,0.48191027496382055,0.15050651230101303,0.18441182551168078,0.15836262145958238,0.14058300599545173,0.14554475914823237,0.09510026876162911,0.12549100682241057,2024091341.pdf,115,4,419,6,0,0,0,544,0,1,545,0,True,0.7702205882352942,0.2113970588235294,0.007352941176470588,0.0,0.11267314451106057,0.011029411764705843
Sevapuri,300,5027,47.566142828724885,46.0,0.047344340560970755,0.32564153570718124,0.419335587825741,0.20767853590610702,0.521185597772031,0.47881440222796895,0.15277501491943504,0.18559777203103242,0.15595782773025663,0.13705987666600358,0.13487169285856376,0.10324249055102447,0.1304953252436841,2024091341.pdf,518,14,61,6,9,9,7,624,0,14,638,0,True,0.09775641025641026,0.8301282051282052,0.022435897435897436,0.014423076923076924,0.12691466083150985,0.03525641025641024
Sevapuri,305,4765,47.56201469045121,46.0,0.045750262329485834,0.31458551941238194,0.43441762854144805,0.20524658971668416,0.5047219307450157,0.49527806925498424,0.14312696747114376,0.17523609653725078,0.16495278069254984,0.1378803777544596,0.14312696747114376,0.10786988457502623,0.127806925498426,2024091341.pdf,93,2,412,2,0,1,0,510,0,2,512,0,True,0.807843137254902,0.18235294117647058,0.00392156862745098,0.0,0.1074501573976915,0.00588235294117645
Sevapuri,310,4936,47.307941653160455,46.0,0.04841977309562399,0.3211102106969206,0.4250405186385737,0.20542949756888168,0.506482982171799,0.49351701782820095,0.14829821717990274,0.17807941653160453,0.16450567260940033,0.13796596434359806,0.13269854132901135,0.10636142625607779,0.13209076175040518,2024091341.pdf,97,1,424,4,0,0,0,526,0,5,531,0,True,0.8060836501901141,0.1844106463878327,0.0019011406844106464,0.0,0.10757698541329011,0.0076045627376426506
Sevapuri,315,4983,47.611077664057795,46.0,0.045354204294601644,0.31968693558097533,0.419626730885009,0.215332129239414,0.5123419626730885,0.4876580373269115,0.1525185631145896,0.1794099939795304,0.15873971503110576,0.1444912703190849,0.1322496488059402,0.10154525386313466,0.13104555488661448,2024091341.pdf,60,0,346,1,0,0,0,407,0,3,410,0,True,0.8501228501228502,0.14742014742014742,0.0,0.0,0.08227975115392334,0.002457002457002422
Sevapuri,320,4925,47.61238578680203,46.0,0.04304568527918782,0.3311675126903553,0.41624365482233505,0.20954314720812184,0.5126903553299492,0.4873096446700508,0.16101522842639593,0.1717766497461929,0.1616243654822335,0.13847715736040608,0.1366497461928934,0.09827411167512691,0.13218274111675127,2024091341.pdf,223,3,249,2,0,0,2,479,0,2,481,0,True,0.5198329853862212,0.46555323590814196,0.006263048016701462,0.0,0.09766497461928934,0.008350730688935437
Sevapuri,325,4767,47.689741976085585,46.0,0.04300398573526327,0.3194881476819803,0.42290748898678415,0.2146003775959723,0.5303125655548563,0.4696874344451437,0.15691210404866793,0.17830920914621357,0.16656177889658066,0.13509544787077826,0.1288021816656178,0.0988042794210195,0.1355149989511223,2024091341.pdf,132,1,374,3,1,0,0,511,0,6,517,0,True,0.7318982387475538,0.2583170254403131,0.0019569471624266144,0.0019569471624266144,0.10845395426893224,0.005870841487279899
Sevapuri,330,4952,47.453352180936996,46.0,0.04281098546042003,0.324313408723748,0.42346526655896605,0.20941033925686592,0.5187802907915994,0.4812197092084006,0.14337641357027464,0.17689822294022617,0.15690630048465268,0.14176090468497576,0.14317447495961227,0.10662358642972536,0.13126009693053312,2024091341.pdf,144,101,226,2,0,1,1,475,0,4,479,0,True,0.47578947368421054,0.3031578947368421,0.21263157894736842,0.0,0.0967285945072698,0.008421052631578996
Sevapuri,335,4830,47.15031055900621,45.0,0.04492753623188406,0.341407867494824,0.4153209109730849,0.19834368530020705,0.5200828157349896,0.47991718426501034,0.15320910973084886,0.17971014492753623,0.1536231884057971,0.1451345755693582,0.13229813664596274,0.10745341614906832,0.12857142857142856,2024091341.pdf,151,2,359,2,1,0,1,516,0,1,517,0,True,0.6957364341085271,0.2926356589147287,0.003875968992248062,0.001937984496124031,0.10703933747412009,0.005813953488372103
Sevapuri,340,4834,47.59391808026479,46.0,0.04054613156805958,0.31712867190732313,0.43980140670252377,0.20252378982209351,0.5186181216383947,0.4813818783616053,0.15328920148944974,0.1766652875465453,0.15618535374431114,0.14460074472486553,0.14129085643359537,0.0978485726106744,0.13011998345055856,2024091341.pdf,116,3,169,0,1,0,0,289,0,1,290,0,True,0.5847750865051903,0.4013840830449827,0.010380622837370242,0.0034602076124567475,0.059991725279271824,0.0
Sevapuri,345,5138,47.738614246788636,46.0,0.045737641105488516,0.3188010899182561,0.42370572207084467,0.21175554690541065,0.5163487738419619,0.48365122615803813,0.14110548851693266,0.18703775788244453,0.16290385363954846,0.13682366679641883,0.14674970805760998,0.09575710393149085,0.1296224211755547,2024091341.pdf,126,2,530,2,2,2,1,665,0,9,674,0,True,0.7969924812030075,0.18947368421052632,0.0030075187969924814,0.0030075187969924814,0.13117944725574154,0.007518796992481258
Sevapuri,350,4995,47.71511511511512,46.0,0.04224224224224224,0.32052052052052055,0.4244244244244244,0.2128128128128128,0.5145145145145145,0.4854854854854855,0.15195195195195196,0.17657657657657658,0.16616616616616617,0.14334334334334334,0.14034034034034035,0.1005005005005005,0.12112112112112113,2024091341.pdf,105,1,426,0,0,0,0,532,0,0,532,0,True,0.8007518796992481,0.19736842105263158,0.0018796992481203006,0.0,0.1065065065065065,0.0
Sevapuri,355,4945,47.58827098078868,46.0,0.044489383215369056,0.3183013144590495,0.4327603640040445,0.2044489383215369,0.5098078867542972,0.4901921132457027,0.15813953488372093,0.18867542972699697,0.1571284125379171,0.13043478260869565,0.13690596562184024,0.10596562184024266,0.12275025278058645,2024091341.pdf,194,12,364,8,0,0,0,578,0,6,584,0,True,0.629757785467128,0.3356401384083045,0.020761245674740483,0.0,0.11809908998988877,0.01384083044982709
Sevapuri,365,5003,47.411153308015194,46.0,0.045772536478113135,0.3254047571457126,0.4237457525484709,0.20507695382770338,0.5196881870877473,0.48031181291225267,0.1497101738956626,0.18548870677593443,0.1627023785728563,0.1403158105136918,0.13471916849890067,0.09614231461123326,0.13092144713172096,2024091341.pdf,314,5,226,2,3,1,0,551,0,1,552,0,True,0.4101633393829401,0.5698729582577132,0.009074410163339383,0.0054446460980036296,0.1103337997201679,0.005444646098003547
Sevapuri,370,5098,47.61023930953315,46.0,0.0451157316594743,0.3250294233032562,0.42114554727344056,0.20870929776382896,0.52138093369949,0.47861906630051,0.15319733228717144,0.18418987838367987,0.14790113770105923,0.13632797175362887,0.1461357395056885,0.10082385249117301,0.13142408787759907,2024091341.pdf,66,0,291,1,0,0,0,358,0,1,359,0,True,0.8128491620111732,0.18435754189944134,0.0,0.0,0.07041977245978816,0.0027932960893854997
Sevapuri,375,4750,47.50610526315789,46.0,0.051157894736842104,0.32126315789473686,0.4151578947368421,0.21242105263157895,0.5223157894736842,0.47768421052631577,0.14421052631578948,0.17705263157894738,0.15894736842105264,0.14463157894736842,0.1345263157894737,0.10021052631578947,0.14042105263157895,2024091341.pdf,464,12,204,3,0,2,0,685,0,7,692,0,True,0.29781021897810217,0.6773722627737226,0.017518248175182483,0.0,0.14568421052631578,0.007299270072992692
Sevapuri,380,5134,47.41663420335021,46.0,0.0477210751850409,0.32041293338527466,0.42929489676665367,0.20257109466303078,0.5200623295675886,0.47993767043241137,0.15134398130112972,0.1749123490455785,0.1690689520841449,0.13011297234125438,0.14082586677054929,0.09914296844565641,0.1345929100116868,2024091341.pdf,169,2,406,0,0,2,1,580,0,2,582,0,True,0.7,0.2913793103448276,0.0034482758620689655,0.0,0.11336190105181146,0.005172413793103403
Sevapuri,385,4900,47.704897959183675,46.0,0.04346938775510204,0.31857142857142856,0.42979591836734693,0.20816326530612245,0.529795918367347,0.47020408163265304,0.14408163265306123,0.1893877551020408,0.15857142857142856,0.1416326530612245,0.13693877551020409,0.09755102040816327,0.13183673469387755,2024091341.pdf,253,2,296,1,0,2,0,554,0,3,557,0,True,0.5342960288808665,0.4566787003610108,0.0036101083032490976,0.0,0.1136734693877551,0.005415162454873501
Sevapuri,390,4816,47.655523255813954,46.0,0.046719269102990034,0.32101328903654486,0.4171511627906977,0.21511627906976744,0.5083056478405316,0.49169435215946844,0.1569767441860465,0.1725498338870432,0.16756644518272426,0.13392857142857142,0.14285714285714285,0.10215946843853821,0.12396179401993355,2024091341.pdf,170,6,396,1,1,0,2,576,0,3,579,0,True,0.6875,0.2951388888888889,0.010416666666666666,0.001736111111111111,0.12022425249169436,0.00520833333333337
Sevapuri,395,4845,47.585758513931886,46.0,0.04685242518059855,0.31496388028895766,0.43364293085655314,0.2045407636738906,0.5042311661506708,0.4957688338493292,0.15479876160990713,0.18059855521155832,0.16037151702786379,0.14014447884416925,0.1368421052631579,0.09556243550051599,0.13168214654282764,2024091341.pdf,291,56,409,4,2,2,3,767,0,10,777,0,True,0.5332464146023468,0.379400260756193,0.07301173402868318,0.002607561929595828,0.16037151702786379,0.011734028683181075
Sevapuri,400,4793,47.19799707907365,45.0,0.047152096807844775,0.3325683288128521,0.41435426663884833,0.20592530774045484,0.5209680784477363,0.4790319215522637,0.1523054454412685,0.18360108491550178,0.16440642603797204,0.14083037763404965,0.14062174003755476,0.09346964322970999,0.12476528270394326,2024091341.pdf,275,14,367,3,0,0,1,660,0,5,665,0,True,0.556060606060606,0.4166666666666667,0.021212121212121213,0.0,0.13874400166910078,0.0060606060606061
Varanasi Cantt,4,4966,47.55336286749899,46.0,0.04732178815948449,0.32521143777688283,0.4184454289166331,0.2090213451469996,0.509061619009263,0.490938380990737,0.15726943213854208,0.18264196536447846,0.15726943213854208,0.13713250100684657,0.13834071687474828,0.1026983487716472,0.12464760370519533,2024091367.pdf,101,90,308,6,4,3,5,517,0,6,523,0,True,0.5957446808510638,0.195357833655706,0.17408123791102514,0.007736943907156673,0.10531614981876762,0.027079303675048405
Varanasi Cantt,9,4985,47.706720160481446,46.0,0.04493480441323972,0.32377131394182546,0.4140421263791374,0.2172517552657974,0.5195586760280843,0.48044132397191575,0.158876629889669,0.18676028084252758,0.15687061183550652,0.13279839518555667,0.1440320962888666,0.0880641925777332,0.1325977933801404,2024091367.pdf,88,36,441,4,1,6,2,578,0,9,587,0,True,0.7629757785467128,0.1522491349480969,0.06228373702422145,0.0017301038062283738,0.11775325977933801,0.02076124567474047
Varanasi Cantt,14,4893,47.57122419783364,46.0,0.044349070100143065,0.3210709176374412,0.428367054976497,0.20621295728591865,0.5189045575311669,0.481095442468833,0.152462701818925,0.17739628040057226,0.15859390966687104,0.1367259350091968,0.1367259350091968,0.0944206008583691,0.143674637236869,2024091367.pdf,82,123,499,13,2,5,6,730,0,8,738,0,True,0.6835616438356165,0.11232876712328767,0.1684931506849315,0.0027397260273972603,0.1508277130594727,0.0328767123287671
Varanasi Cantt,19,5048,47.699088748019015,46.0,0.045166402535657686,0.3248811410459588,0.4181854199683043,0.21176703645007924,0.5320919175911252,0.4679080824088748,0.14599841521394613,0.16996830427892234,0.1664025356576862,0.14520602218700476,0.1463946117274168,0.0948890649762282,0.13114104595879555,2024091367.pdf,79,229,233,3,1,1,1,547,0,3,550,0,True,0.4259597806215722,0.14442413162705667,0.4186471663619744,0.0018281535648994515,0.1089540412044374,0.009140767824497353
Varanasi Cantt,29,4888,47.29439443535188,46.0,0.04541734860883797,0.32733224222585927,0.43064648117839605,0.1966039279869067,0.5155482815057283,0.4844517184942717,0.15057283142389524,0.18473813420621932,0.16284779050736498,0.1266366612111293,0.1444353518821604,0.09799509001636661,0.13277414075286414,2024091367.pdf,235,2,363,12,3,3,3,621,0,5,626,0,True,0.5845410628019324,0.3784219001610306,0.00322061191626409,0.004830917874396135,0.12806873977086744,0.02898550724637672
Varanasi Cantt,34,4937,47.55033421105935,46.0,0.04577678752278712,0.3267166295321045,0.41442171359124974,0.21308486935385862,0.5201539396394571,0.47984606036054284,0.14563500101276078,0.17135912497468098,0.16548511241644723,0.1464452096414827,0.140166092768888,0.09783269191816893,0.1330767672675714,2024091367.pdf,298,8,265,3,5,2,2,583,0,11,594,0,True,0.45454545454545453,0.5111492281303602,0.0137221269296741,0.008576329331046312,0.12031598136520154,0.012006861063464713
Varanasi Cantt,39,5069,47.39041231012034,46.0,0.05188400078911028,0.3213651607812192,0.4154665614519629,0.21128427697770763,0.5101597948313277,0.4898402051686723,0.13612152298283686,0.18445452752022096,0.16255671730124285,0.1412507397908858,0.14302623791674887,0.09844150720063129,0.13414874728743342,2024091367.pdf,272,195,136,9,3,4,4,623,0,8,631,0,True,0.21829855537720708,0.43659711075441415,0.3130016051364366,0.004815409309791332,0.1244821463799566,0.027287319422150902
Varanasi Cantt,44,4917,47.51230425055928,46.0,0.044539353264185476,0.3201138905836892,0.4291234492576774,0.20622330689444784,0.5184055318283506,0.48159446817164936,0.15537929631889363,0.17998779743746188,0.15639617653040472,0.1486678869229205,0.13605857230018303,0.09863738051657515,0.12487288997356112,2024091367.pdf,108,33,305,3,3,3,4,459,0,3,462,0,True,0.664488017429194,0.23529411764705882,0.0718954248366013,0.006535947712418301,0.09395973154362416,0.02178649237472774
Varanasi Cantt,49,4744,47.83157672849916,46.0,0.04194772344013491,0.3155564924114671,0.43296795952782463,0.20952782462057334,0.5518549747048904,0.44814502529510963,0.1551433389544688,0.18697301854974704,0.15556492411467115,0.13722596964586847,0.13891231028667791,0.10286677908937605,0.12331365935919056,2024091367.pdf,120,17,383,5,0,3,0,528,0,4,532,0,True,0.7253787878787878,0.22727272727272727,0.032196969696969696,0.0,0.112141652613828,0.015151515151515138
Varanasi Cantt,54,4767,47.57940004195511,45.0,0.04447241451646738,0.3213761275435284,0.42416614222781623,0.20998531571218795,0.512062093559891,0.4879379064401091,0.14789175582127123,0.16928886091881687,0.16152716593245228,0.13782252989301447,0.14075938745542269,0.10761485210824417,0.13509544787077826,2024091367.pdf,320,25,212,3,1,0,0,561,0,6,567,0,True,0.3778966131907308,0.5704099821746881,0.044563279857397504,0.0017825311942959,0.11894273127753303,0.005347593582887722
Varanasi Cantt,59,4851,47.24551638837353,45.0,0.05194805194805195,0.3318903318903319,0.4036281179138322,0.21253349824778398,0.5285508142651,0.4714491857349,0.1533704390847248,0.17316017316017315,0.16223459080601937,0.14265099979385693,0.14038342609771182,0.0968872397443826,0.13131313131313133,2024091367.pdf,263,26,397,9,2,5,1,703,0,13,716,0,True,0.5647226173541963,0.3741109530583215,0.03698435277382646,0.002844950213371266,0.14759843331271902,0.02133712660028453
Varanasi Cantt,64,4920,47.76829268292683,46.0,0.04390243902439024,0.3231707317073171,0.41300813008130083,0.21991869918699186,0.5211382113821138,0.4788617886178862,0.1548780487804878,0.1766260162601626,0.1628048780487805,0.13617886178861788,0.13658536585365855,0.09959349593495935,0.13333333333333333,2024091367.pdf,382,3,95,2,0,2,2,486,0,8,494,0,True,0.19547325102880658,0.7860082304526749,0.006172839506172839,0.0,0.10040650406504065,0.012345679012345734
Varanasi Cantt,69,4890,47.94130879345603,46.0,0.044989775051124746,0.3155419222903885,0.41697341513292435,0.22249488752556237,0.5300613496932516,0.4699386503067485,0.1411042944785276,0.1785276073619632,0.15787321063394683,0.14785276073619633,0.14539877300613496,0.10061349693251534,0.12862985685071573,2024091367.pdf,218,74,176,4,3,1,2,478,0,0,478,0,True,0.3682008368200837,0.4560669456066946,0.15481171548117154,0.006276150627615063,0.09775051124744376,0.01464435146443499
Varanasi Cantt,74,4870,47.446201232032855,46.0,0.048254620123203286,0.31478439425051336,0.43347022587268996,0.20349075975359343,0.5227926078028747,0.47720739219712527,0.15585215605749486,0.19075975359342917,0.15215605749486652,0.12854209445585216,0.1371663244353183,0.0997946611909651,0.13572895277207392,2024091367.pdf,81,3,520,3,1,2,2,612,0,5,617,0,True,0.8496732026143791,0.1323529411764706,0.004901960784313725,0.0016339869281045752,0.126694045174538,0.011437908496732097
Varanasi Cantt,79,5109,47.85359170091994,46.0,0.03895087101193971,0.32432961440595026,0.4198473282442748,0.2168721863378352,0.5159522411430808,0.48404775885691914,0.14425523585828928,0.1853591700919945,0.16676453317674692,0.13818751223331377,0.14171070659620277,0.09708357799960854,0.1266392640438442,2024091367.pdf,260,5,245,3,28,9,4,554,0,6,560,0,True,0.44223826714801445,0.4693140794223827,0.009025270758122744,0.05054151624548736,0.1096104912898806,0.028880866425992746
Varanasi Cantt,84,4897,47.47539309781499,46.0,0.04615070451296712,0.32468858484786606,0.423524606902185,0.20563610373698182,0.5213395956708189,0.4786604043291811,0.15560547273841127,0.18051868490912804,0.1649989789667143,0.13641004696753115,0.1333469471104758,0.10312436185419645,0.125995507453543,2024091367.pdf,352,17,331,7,2,6,2,717,0,9,726,0,True,0.4616457461645746,0.4909344490934449,0.023709902370990237,0.002789400278940028,0.14825403308147844,0.02092050209205021
Varanasi Cantt,89,5002,47.43682526989204,46.0,0.04238304678128749,0.3314674130347861,0.41663334666133545,0.20951619352259096,0.5271891243502599,0.4728108756497401,0.1517393042782887,0.1839264294282287,0.16113554578168732,0.1399440223910436,0.13174730107956817,0.101359456217513,0.13014794082367054,2024091367.pdf,146,38,360,8,0,2,0,554,0,2,556,0,True,0.6498194945848376,0.26353790613718414,0.06859205776173286,0.0,0.11115553778488604,0.01805054151624541
Varanasi Cantt,94,5013,47.423498902852586,45.0,0.04428485936564931,0.3189706762417714,0.4314781567923399,0.20526630760023937,0.519050468781169,0.48094953121883105,0.14442449630959506,0.18053062038699383,0.16856173947735886,0.13644524236983843,0.13305405944544185,0.1033313385198484,0.13365250349092359,2024091367.pdf,199,106,240,6,0,4,1,556,0,7,563,0,True,0.4316546762589928,0.3579136690647482,0.1906474820143885,0.0,0.11230799920207461,0.01978417266187049
Varanasi Cantt,99,4772,47.31580050293378,46.0,0.04631181894383906,0.3241827326068734,0.42497904442581724,0.20452640402347025,0.519907795473596,0.480092204526404,0.15465213746856663,0.17414082145850796,0.16031014249790443,0.13809723386420789,0.143964794635373,0.10582564962279967,0.1230092204526404,2024091367.pdf,281,8,379,8,4,3,2,685,0,6,691,0,True,0.5532846715328467,0.41021897810218977,0.01167883211678832,0.00583941605839416,0.14480301760268233,0.018978102189781132
Varanasi Cantt,104,5100,47.56235294117647,45.0,0.04803921568627451,0.32294117647058823,0.4150980392156863,0.213921568627451,0.515686274509804,0.4843137254901961,0.15705882352941178,0.18588235294117647,0.15588235294117647,0.13431372549019607,0.1388235294117647,0.09823529411764706,0.12980392156862744,2024091367.pdf,202,61,301,5,1,2,0,572,0,3,575,0,True,0.5262237762237763,0.3531468531468531,0.10664335664335664,0.0017482517482517483,0.11274509803921569,0.012237762237762184
Varanasi Cantt,109,5096,47.305729984301415,45.0,0.044152276295133436,0.32908163265306123,0.4271978021978022,0.19956828885400313,0.5255102040816326,0.4744897959183674,0.14521193092621665,0.17464678178963894,0.15306122448979592,0.14638932496075352,0.14285714285714285,0.10184458398744113,0.13598901098901098,2024091367.pdf,238,10,242,4,6,1,1,502,0,5,507,0,True,0.4820717131474104,0.47410358565737054,0.0199203187250996,0.01195219123505976,0.09948979591836735,0.01195219123505975
Varanasi Cantt,114,4751,47.575457798358244,46.0,0.04714796884866344,0.3235108398231951,0.41464954746369187,0.21469164386444958,0.531467059566407,0.46853294043359295,0.14460113660282045,0.17890970322037467,0.16228162492106926,0.1475478846558619,0.14523258261418648,0.09955798779204378,0.12186908019364344,2024091367.pdf,87,6,248,7,3,1,2,354,0,6,360,0,True,0.7005649717514124,0.2457627118644068,0.01694915254237288,0.00847457627118644,0.07577352136392339,0.02824858757062154
Varanasi Cantt,119,4815,47.658982346832815,46.0,0.04195223260643821,0.3283489096573209,0.41474558670820355,0.21495327102803738,0.5131879543094496,0.48681204569055037,0.15742471443406023,0.18151609553478712,0.1636552440290758,0.1331256490134995,0.13707165109034267,0.09532710280373832,0.13187954309449637,2024091367.pdf,136,9,329,7,2,3,2,488,0,6,494,0,True,0.6741803278688525,0.2786885245901639,0.018442622950819672,0.004098360655737705,0.10259605399792315,0.024590163934426257
Varanasi Cantt,124,4822,47.29863127333057,45.0,0.04603898797179593,0.33201990875155535,0.4184985483201991,0.2034425549564496,0.517212774782248,0.48278722521775197,0.1482787225217752,0.1897552882621319,0.15491497304023227,0.13521360431356283,0.13977602654500207,0.0991289921194525,0.13293239319784322,2024091367.pdf,353,3,29,2,1,1,0,389,0,3,392,0,True,0.07455012853470437,0.9074550128534704,0.007712082262210797,0.002570694087403599,0.08129406885109913,0.007712082262210873
Varanasi Cantt,129,4921,47.4145498882341,46.0,0.04450314976630766,0.32777890672627513,0.42105263157894735,0.20666531192846982,0.5171713066449909,0.48282869335500916,0.15240804714488926,0.1776061776061776,0.16927453769559034,0.13350944929892297,0.13513513513513514,0.10241820768136557,0.12964844543791912,2024091367.pdf,202,5,454,9,4,1,2,677,0,4,681,0,True,0.670605612998523,0.2983751846381093,0.007385524372230428,0.005908419497784343,0.13838650680755943,0.017725258493353047
Varanasi Cantt,134,5115,47.46197458455523,46.0,0.043010752688172046,0.31945259042033236,0.43910068426197457,0.198435972629521,0.5253176930596285,0.47468230694037145,0.14682306940371456,0.17771260997067448,0.15972629521016618,0.1464320625610948,0.14467253176930597,0.0959921798631476,0.12864125122189637,2024091367.pdf,176,6,362,4,4,4,1,557,0,14,571,0,True,0.6499102333931778,0.31597845601436264,0.010771992818671455,0.00718132854578097,0.11163245356793744,0.01615798922800704
Varanasi Cantt,139,5034,47.39769566944776,46.0,0.04946364719904649,0.32280492649980136,0.41438220103297574,0.2133492252681764,0.5192689709972189,0.4807310290027811,0.1394517282479142,0.18692888359157728,0.16070719110051648,0.1410409217322209,0.14600715137067938,0.09376241557409615,0.13210170838299562,2024091367.pdf,415,28,35,1,1,1,7,488,0,1,489,0,True,0.07172131147540983,0.8504098360655737,0.05737704918032787,0.0020491803278688526,0.09713945172824791,0.018442622950819776
Varanasi Cantt,149,5127,47.35186268773162,46.0,0.047006046420908915,0.32065535400819195,0.42695533450360834,0.20538326506729082,0.5176516481373122,0.4823483518626877,0.14608933099278332,0.1895845523698069,0.15798712697483908,0.13126584747415643,0.14160327677004095,0.0996684220791886,0.1338014433391847,2024091367.pdf,179,18,388,2,3,2,0,592,0,5,597,0,True,0.6554054054054054,0.30236486486486486,0.030405405405405407,0.005067567567567568,0.11644236395552955,0.00675675675675691
Varanasi Cantt,154,4920,47.73048780487805,46.0,0.046341463414634146,0.32113821138211385,0.41565040650406504,0.21686991869918698,0.5211382113821138,0.4788617886178862,0.15609756097560976,0.183130081300813,0.16260162601626016,0.14146341463414633,0.1355691056910569,0.09573170731707317,0.12540650406504064,2024091367.pdf,234,8,530,10,10,5,0,797,0,6,803,0,True,0.6649937264742786,0.2936010037641154,0.010037641154328732,0.012547051442910916,0.16321138211382114,0.01882057716436647
Varanasi Cantt,159,4822,47.335752799668185,45.0,0.045416839485690585,0.33450850269597676,0.41372874326005804,0.20634591455827458,0.5236416424720033,0.47635835752799666,0.15221899626710908,0.1721277478224803,0.16901700539195355,0.14267938614682704,0.13915387805889673,0.09601824968892576,0.12878473662380754,2024091367.pdf,90,71,503,6,0,3,2,675,0,9,684,0,True,0.7451851851851852,0.13333333333333333,0.10518518518518519,0.0,0.14184985483201992,0.016296296296296364
Varanasi Cantt,164,4999,47.34346869373875,45.0,0.042008401680336066,0.32686537307461494,0.4300860172034407,0.20104020804160833,0.5113022604520904,0.48869773954790957,0.14422884576915382,0.18243648729745948,0.16603320664132826,0.14022804560912183,0.14002800560112022,0.09881976395279056,0.12822564512902582,2024091367.pdf,51,31,437,2,1,2,1,525,0,3,528,0,True,0.8323809523809523,0.09714285714285714,0.05904761904761905,0.0019047619047619048,0.10562112422484497,0.009523809523809712
Varanasi Cantt,169,4985,47.23911735205617,45.0,0.04553660982948846,0.32858575727181544,0.42908726178535606,0.19679037111334002,0.515346038114343,0.48465396188565696,0.1416248746238716,0.1733199598796389,0.16529588766298897,0.14302908726178534,0.14503510531594785,0.11253761283851554,0.11915747241725176,2024091367.pdf,290,6,358,14,6,4,5,683,0,11,694,0,True,0.5241581259150805,0.424597364568082,0.008784773060029283,0.008784773060029283,0.13921765295887664,0.033674963396779
Varanasi Cantt,174,4757,47.66596594492327,46.0,0.048139583771284425,0.3178473828042884,0.41538784948496954,0.21862518393945765,0.5228084927475299,0.47719150725247006,0.14357788522177845,0.18015556022703386,0.16165650620138744,0.1404246373764978,0.14883329829724617,0.09880176581879335,0.126550346857263,2024091367.pdf,290,178,162,6,1,2,6,645,0,5,650,0,True,0.25116279069767444,0.4496124031007752,0.27596899224806204,0.0015503875968992248,0.13664073996216103,0.02170542635658912
Varanasi Cantt,179,5093,47.39308855291576,46.0,0.04790889456116238,0.3202434714313764,0.4248969173375221,0.20695071666993914,0.5189475751030826,0.48105242489691735,0.1476536422540742,0.17180443746318477,0.1665030433928922,0.13528372275672493,0.1464755546828981,0.1028863145493815,0.12939328490084429,2024091367.pdf,255,10,329,12,4,6,2,618,0,4,622,0,True,0.5323624595469255,0.41262135922330095,0.016181229773462782,0.006472491909385114,0.12212841154525819,0.032362459546925626
Varanasi Cantt,184,4760,47.94075630252101,46.0,0.045168067226890755,0.31554621848739495,0.4254201680672269,0.21386554621848738,0.5260504201680672,0.47394957983193275,0.15021008403361344,0.1861344537815126,0.15756302521008403,0.1334033613445378,0.13907563025210085,0.10441176470588236,0.12920168067226892,2024091367.pdf,100,1,206,3,0,1,0,311,0,3,314,0,True,0.662379421221865,0.3215434083601286,0.003215434083601286,0.0,0.06596638655462185,0.012861736334405127
Varanasi Cantt,189,5136,47.61915887850467,46.0,0.045171339563862926,0.3142523364485981,0.4359423676012461,0.20463395638629284,0.5218068535825545,0.4781931464174455,0.15751557632398755,0.17776479750778817,0.16530373831775702,0.13960280373831777,0.13862928348909656,0.09910436137071651,0.12207943925233646,2024091367.pdf,122,2,393,1,0,2,0,520,0,7,527,0,True,0.7557692307692307,0.23461538461538461,0.0038461538461538464,0.0,0.10260903426791278,0.005769230769230749
Varanasi Cantt,194,5016,47.54226475279107,46.0,0.049441786283891544,0.3235645933014354,0.41108452950558216,0.2159090909090909,0.5143540669856459,0.48564593301435405,0.15729665071770335,0.17982456140350878,0.15729665071770335,0.14792663476874005,0.13636363636363635,0.09350079744816588,0.12779106858054226,2024091367.pdf,269,53,338,4,4,2,0,670,0,2,672,0,True,0.5044776119402985,0.4014925373134328,0.0791044776119403,0.005970149253731343,0.1339712918660287,0.008955223880597107
Varanasi Cantt,199,5112,47.95324726134585,46.0,0.042644757433489826,0.31083724569640064,0.42703442879499215,0.21948356807511737,0.5254303599374022,0.47456964006259783,0.1486697965571205,0.17625195618153364,0.15669014084507044,0.13908450704225353,0.15375586854460094,0.10035211267605634,0.12519561815336464,2024091367.pdf,244,8,322,9,4,4,5,596,0,6,602,0,True,0.540268456375839,0.40939597315436244,0.013422818791946308,0.006711409395973154,0.11776212832550861,0.030201342281879096
Varanasi Cantt,204,5093,47.14333398782643,45.0,0.046141763204398195,0.32986451992931476,0.4286275279795798,0.19536618888670723,0.5118790496760259,0.48812095032397407,0.15236599253877872,0.17180443746318477,0.1584527783231887,0.14490477125466325,0.13528372275672493,0.10131553112114668,0.13587276654231298,2024091367.pdf,427,33,113,0,2,1,1,577,0,3,580,0,True,0.19584055459272098,0.7400346620450606,0.05719237435008666,0.0034662045060658577,0.11388179854702533,0.0034662045060659397
Varanasi Cantt,209,4759,47.80016810254255,46.0,0.04790922462702248,0.31267072914477834,0.4164740491699937,0.2229459970582055,0.5183862155915108,0.4816137844084892,0.14666946837570918,0.175036772431183,0.1670519016600126,0.14288716116831268,0.14435805841563354,0.0941374238285354,0.12985921412061358,2024091367.pdf,372,27,310,9,3,4,4,729,0,13,742,0,True,0.4252400548696845,0.5102880658436214,0.037037037037037035,0.00411522633744856,0.15591510821601176,0.023319615912208547
Varanasi Cantt,214,4945,47.5314459049545,46.0,0.047522750252780584,0.3247724974721941,0.41617795753286146,0.2115267947421638,0.5215369059656219,0.47846309403437814,0.15146612740141557,0.18442871587462084,0.15611729019211323,0.13609706774519717,0.14155712841253792,0.10434782608695652,0.12598584428715875,2024091367.pdf,193,12,526,9,4,5,2,751,0,5,756,0,True,0.7003994673768309,0.2569906790945406,0.015978695073235686,0.005326231691078562,0.15288169868554094,0.02130492676431428
Varanasi Cantt,219,4877,47.80479803157679,46.0,0.04121386098011073,0.3169981546032397,0.4322329300799672,0.2095550543366824,0.5212220627434898,0.47877793725651013,0.1521427106827968,0.18453967603034652,0.15972934180848883,0.1285626409678081,0.13819971293828173,0.10313717449251589,0.13368874307976214,2024091367.pdf,164,25,290,3,0,4,2,488,0,5,493,0,True,0.5942622950819673,0.3360655737704918,0.05122950819672131,0.0,0.10108673364773427,0.018442622950819665
Varanasi Cantt,224,5118,47.33743649863228,46.0,0.04591637358343103,0.330988667448222,0.4261430246189918,0.1969519343493552,0.5289175459163736,0.4710824540836264,0.15670183665494333,0.18835482610394685,0.16080500195388825,0.13559984368894099,0.1346228995701446,0.09613130128956623,0.12778429073856976,2024091367.pdf,175,19,261,5,4,4,3,471,0,5,476,0,True,0.554140127388535,0.37154989384288745,0.040339702760084924,0.008492569002123142,0.09300508010941774,0.02547770700636942
Varanasi Cantt,229,4971,47.655401327700666,46.0,0.047475357071011866,0.31502715751357874,0.4228525447596057,0.21464494065580367,0.524039428686381,0.47596057131361896,0.14644940655803662,0.18527459263729631,0.15489841078253871,0.1371957352645343,0.14484007242003621,0.1027962180647757,0.12854556427278213,2024091367.pdf,230,2,244,0,2,1,0,479,0,2,481,0,True,0.5093945720250522,0.4801670146137787,0.0041753653444676405,0.0041753653444676405,0.0967612150472742,0.0020876826722338038
Varanasi Cantt,234,5089,47.57142857142857,46.0,0.044999017488701124,0.3202986834348595,0.4248378856356848,0.20986441344075457,0.5189624680683828,0.4810375319316172,0.1532717626252702,0.18530163096875615,0.1532717626252702,0.14108862251915896,0.14619768127333466,0.09903713892709766,0.1218314010611122,2024091367.pdf,153,18,316,3,1,1,2,494,0,8,502,0,True,0.6396761133603239,0.3097165991902834,0.03643724696356275,0.0020242914979757085,0.09864413440754569,0.012145748987854255
Varanasi Cantt,239,4844,47.48410404624278,46.0,0.0495458298926507,0.3224607762180017,0.4180429397192403,0.20995045417010735,0.5194054500412882,0.4805945499587118,0.15070189925681254,0.18208092485549132,0.14801816680429397,0.14574731626754747,0.14471511147811725,0.09991742361684558,0.12881915772089184,2024091367.pdf,211,38,295,9,4,3,7,567,0,9,576,0,True,0.5202821869488536,0.37213403880070545,0.06701940035273368,0.007054673721340388,0.11890999174236168,0.033509700176366786
Varanasi Cantt,244,4797,47.302272253491765,45.0,0.044194288096727125,0.3347925786950177,0.41109026474880134,0.20992286845945382,0.5203252032520326,0.4796747967479675,0.15259537210756724,0.18032103397957056,0.16552011673962894,0.13258286429018137,0.14133833646028768,0.10110485720241817,0.12653741922034606,2024091367.pdf,349,25,250,7,4,3,5,643,0,7,650,0,True,0.38880248833592534,0.5427682737169518,0.038880248833592534,0.006220839813374806,0.13550135501355012,0.023328149300155476
Varanasi Cantt,249,4911,47.6188149053146,46.0,0.043168397475056,0.32457747912848706,0.41702300957035227,0.21523111382610466,0.5235186316432499,0.47648136835675015,0.1541437589085726,0.17939319894115252,0.15292201181022194,0.14518428018733456,0.13581755243331298,0.09916513948279373,0.1333740582366117,2024091367.pdf,218,16,343,10,1,5,7,600,0,12,612,0,True,0.5716666666666667,0.36333333333333334,0.02666666666666667,0.0016666666666666668,0.12461820403176542,0.036666666666666625
Varanasi Cantt,254,4991,47.670206371468645,46.0,0.04307753957122821,0.32418353035463837,0.4161490683229814,0.21658986175115208,0.5183329993989181,0.481667000601082,0.14886796233219796,0.17391304347826086,0.1632939290723302,0.1390502905229413,0.1392506511721098,0.10138248847926268,0.1342416349428972,2024091367.pdf,101,34,321,9,2,2,2,471,0,3,474,0,True,0.6815286624203821,0.21443736730360935,0.07218683651804671,0.004246284501061571,0.09497094770587057,0.027600849256900206
Varanasi Cantt,259,4765,47.28226652675761,45.0,0.0453305351521511,0.3313746065057713,0.42266526757607553,0.2006295907660021,0.510598111227702,0.489401888772298,0.15362014690451206,0.18782791185729275,0.155299055613851,0.13368310598111227,0.13557187827911857,0.09674711437565582,0.1372507869884575,2024091367.pdf,211,9,339,7,4,1,1,572,0,8,580,0,True,0.5926573426573427,0.3688811188811189,0.015734265734265736,0.006993006993006993,0.12172088142707241,0.015734265734265618
Varanasi Cantt,269,4794,47.251355861493536,46.0,0.047976637463496036,0.31956612432206927,0.43700458906967043,0.1954526491447643,0.5198164372131832,0.48018356278681684,0.1524822695035461,0.18168544013350021,0.15164789319983313,0.14956195244055068,0.14580725907384232,0.0999165623696287,0.11889862327909888,2024091367.pdf,144,8,317,1,0,2,1,473,0,1,474,0,True,0.6701902748414377,0.3044397463002114,0.016913319238900635,0.0,0.09887359198998748,0.008456659619450302
Varanasi Cantt,274,5038,47.15005954743946,45.0,0.05101230647082176,0.3314807463279079,0.4164350932909885,0.20107185391028184,0.5154823342596269,0.48451766574037314,0.14489876935291782,0.17268757443429933,0.1615720524017467,0.14211988884477966,0.14370782056371575,0.10242159587137753,0.13259229853116317,2024091367.pdf,113,35,304,12,1,4,3,472,0,5,477,0,True,0.6440677966101694,0.23940677966101695,0.07415254237288135,0.00211864406779661,0.09468042874156411,0.0402542372881356
Varanasi Cantt,279,5127,47.48039789350497,46.0,0.05032182562902282,0.32182562902282036,0.42051882192315193,0.2073337234250049,0.528574214940511,0.47142578505948896,0.14960015603666862,0.18295299395357909,0.1558416227813536,0.13731226838307004,0.13887263506924127,0.1055197971523308,0.1299005266237566,2024091367.pdf,236,4,288,4,5,0,3,540,0,4,544,0,True,0.5333333333333333,0.43703703703703706,0.007407407407407408,0.009259259259259259,0.10610493465964502,0.012962962962962954
Varanasi Cantt,284,4744,47.55480607082631,46.0,0.04405564924114671,0.3263069139966273,0.41547217537942666,0.21416526138279932,0.5404721753794266,0.45952782462057334,0.1511382799325464,0.18865935919055649,0.15704047217537942,0.1368043844856661,0.13891231028667791,0.09675379426644182,0.13069139966273188,2024091367.pdf,286,29,329,2,3,2,1,652,0,3,655,0,True,0.504601226993865,0.4386503067484663,0.04447852760736196,0.004601226993865031,0.13806913996627318,0.0076687116564417845
Varanasi Cantt,289,4850,47.34082474226804,46.0,0.04927835051546392,0.32556701030927837,0.4224742268041237,0.20268041237113402,0.523298969072165,0.47670103092783506,0.14824742268041238,0.18742268041237115,0.15855670103092784,0.14618556701030927,0.1395876288659794,0.09752577319587628,0.12247422680412372,2024091367.pdf,180,50,309,7,2,3,3,554,0,8,562,0,True,0.5577617328519856,0.3249097472924188,0.09025270758122744,0.0036101083032490976,0.11587628865979381,0.023465703971119023
Varanasi Cantt,294,5087,47.57656772164341,46.0,0.04599960684096717,0.31570670336150974,0.4330646746609003,0.20522901513662276,0.5177904462355023,0.48220955376449776,0.14920385295852173,0.18045999606840968,0.16925496363278947,0.1421269903676037,0.13799882052290152,0.09828975820719481,0.12266561824257913,2024091367.pdf,440,49,233,9,1,6,3,741,0,7,748,0,True,0.3144399460188934,0.5937921727395412,0.06612685560053981,0.001349527665317139,0.14704147827796343,0.02429149797570851
Varanasi Cantt,299,4810,47.364656964656966,45.5,0.04449064449064449,0.32224532224532226,0.4282744282744283,0.204989604989605,0.5257796257796258,0.4742203742203742,0.15675675675675677,0.18253638253638255,0.1573804573804574,0.13555093555093556,0.13866943866943868,0.1,0.1291060291060291,2024091367.pdf,260,17,359,7,5,4,4,656,0,4,660,0,True,0.5472560975609756,0.39634146341463417,0.025914634146341462,0.007621951219512195,0.13721413721413722,0.02286585365853666
Varanasi Cantt,304,4806,47.28506034124012,45.0,0.04431960049937578,0.33000416146483563,0.42134831460674155,0.20432792342904701,0.5143570536828964,0.48564294631710364,0.15980024968789014,0.17332501040366208,0.15730337078651685,0.13399916770703288,0.14294631710362046,0.09841864336246359,0.13420724094881398,2024091367.pdf,225,40,268,5,1,6,0,545,0,6,551,0,True,0.4917431192660551,0.41284403669724773,0.07339449541284404,0.001834862385321101,0.11464835622138993,0.020183486238532167
Varanasi Cantt,309,5003,47.138916650009996,45.0,0.04677193683789726,0.3310013991605037,0.4195482710373776,0.20267839296422147,0.5182890265840495,0.4817109734159504,0.14291425144913053,0.17109734159504297,0.157305616630022,0.14751149310413753,0.14571257245652608,0.09754147511493104,0.13791724965020988,2024091367.pdf,210,5,440,8,15,2,3,683,0,3,686,0,True,0.6442166910688141,0.3074670571010249,0.007320644216691069,0.021961932650073207,0.13711772936238256,0.019033674963396696
Varanasi Cantt,314,5056,47.4873417721519,46.0,0.04529272151898734,0.3215981012658228,0.4254351265822785,0.2076740506329114,0.5219541139240507,0.4780458860759494,0.15486550632911392,0.18334651898734178,0.1495253164556962,0.14022943037974683,0.13686708860759494,0.10146360759493671,0.1337025316455696,2024091367.pdf,391,26,430,5,1,4,1,858,0,13,871,0,True,0.5011655011655012,0.4557109557109557,0.030303030303030304,0.0011655011655011655,0.17227056962025317,0.011655011655011593
Varanasi Cantt,319,4876,46.930885972108285,45.0,0.05127153404429861,0.33736669401148484,0.4089417555373257,0.2024200164068909,0.523174733388023,0.47682526661197705,0.15278917145200985,0.1806808859721083,0.16611977030352748,0.1429450369155045,0.12551271534044298,0.0994667760459393,0.1324856439704676,2024091367.pdf,174,34,415,6,9,6,2,646,0,11,657,0,True,0.6424148606811145,0.2693498452012384,0.05263157894736842,0.01393188854489164,0.13474159146841674,0.021671826625386914
Varanasi Cantt,324,5020,47.201394422310756,46.0,0.045219123505976094,0.32888446215139444,0.4241035856573705,0.20179282868525897,0.5308764940239044,0.46912350597609564,0.15079681274900397,0.1852589641434263,0.1657370517928287,0.1394422310756972,0.14063745019920318,0.0952191235059761,0.12290836653386454,2024091367.pdf,185,7,304,5,1,3,0,505,0,4,509,0,True,0.601980198019802,0.36633663366336633,0.013861386138613862,0.0019801980198019802,0.10139442231075697,0.015841584158415856
Varanasi Cantt,329,4789,47.71789517644602,46.0,0.04426811442889956,0.31175610774692003,0.4299436207976613,0.2140321570265191,0.5145124243057005,0.48548757569429946,0.1465859260806014,0.17874295259970766,0.15786176654833994,0.13760701607851325,0.14491543119649197,0.10294424723324284,0.13134266026310296,2024091367.pdf,233,15,382,2,2,3,1,638,0,11,649,0,True,0.5987460815047022,0.3652037617554859,0.023510971786833857,0.003134796238244514,0.13551889747337648,0.009404388714733591
Varanasi Cantt,334,5072,46.959779179810724,45.0,0.050867507886435334,0.32847003154574134,0.4246845425867508,0.19597791798107256,0.5112381703470031,0.48876182965299686,0.1529968454258675,0.1878943217665615,0.1632492113564669,0.13781545741324921,0.13071766561514195,0.0987776025236593,0.12854889589905363,2024091367.pdf,93,5,333,5,3,1,0,440,0,7,447,0,True,0.7568181818181818,0.21136363636363636,0.011363636363636364,0.006818181818181818,0.08813091482649842,0.013636363636363558
Varanasi Cantt,339,5122,47.75810230378758,46.0,0.04217102694260055,0.3221397891448653,0.4211245607184693,0.21456462319406483,0.5177664974619289,0.48223350253807107,0.14818430300663804,0.1850839515814135,0.1641936743459586,0.13744631003514252,0.14252245216712223,0.09820382663022256,0.12436548223350254,2024091367.pdf,285,82,150,2,9,1,1,530,0,11,541,0,True,0.2830188679245283,0.5377358490566038,0.15471698113207547,0.016981132075471698,0.10562280359234674,0.007547169811320864
Varanasi Cantt,344,4819,47.23220585183648,45.0,0.04793525627723594,0.33430172234903505,0.4162689354637892,0.20149408590993984,0.5274953309815315,0.47250466901846855,0.15563394895206475,0.17659265407760946,0.1575015563394895,0.13882548246524176,0.13944801826105002,0.10417098983191533,0.1278273500726292,2024091367.pdf,443,23,49,3,0,2,1,521,0,0,521,0,True,0.09404990403071017,0.8502879078694817,0.044145873320537425,0.0,0.10811371653870097,0.01151631477927062
Varanasi Cantt,349,4896,47.25878267973856,45.0,0.04554738562091503,0.32822712418300654,0.4252450980392157,0.20098039215686275,0.5100081699346405,0.48999183006535946,0.1503267973856209,0.19709967320261437,0.16033496732026145,0.12969771241830066,0.13848039215686275,0.10049019607843138,0.1235702614379085,2024091367.pdf,228,6,364,6,2,5,2,613,0,7,620,0,True,0.5938009787928222,0.3719412724306688,0.009787928221859706,0.0032626427406199023,0.12663398692810457,0.021207177814029365
Varanasi Cantt,354,4960,47.99596774193548,46.0,0.041935483870967745,0.3133064516129032,0.42782258064516127,0.21693548387096775,0.5183467741935484,0.4816532258064516,0.1431451612903226,0.18629032258064515,0.16451612903225807,0.14193548387096774,0.13346774193548386,0.10383064516129033,0.12681451612903225,2024091367.pdf,188,18,352,3,1,5,3,570,0,6,576,0,True,0.6175438596491228,0.3298245614035088,0.031578947368421054,0.0017543859649122807,0.11612903225806452,0.019298245614035037
Varanasi Cantt,359,4798,47.37411421425594,46.0,0.047936640266777825,0.3338891204668612,0.40683618174239267,0.2113380575239683,0.519383076281784,0.4806169237182159,0.15819091288036682,0.18299291371404752,0.15756565235514797,0.12901208837015424,0.13859941642350979,0.09879116298457691,0.13484785327219675,2024091367.pdf,162,5,354,5,2,6,4,538,0,4,542,0,True,0.6579925650557621,0.30111524163568776,0.00929368029739777,0.0037174721189591076,0.1129637348895373,0.027881040892193343
Varanasi Cantt,364,5020,47.33764940239044,46.0,0.04920318725099602,0.31713147410358566,0.42709163346613543,0.20657370517928286,0.5125498007968128,0.4874501992031873,0.1551792828685259,0.1711155378486056,0.15996015936254981,0.14063745019920318,0.1342629482071713,0.10537848605577689,0.13346613545816732,2024091367.pdf,230,7,319,6,2,2,0,566,0,10,576,0,True,0.5636042402826855,0.40636042402826855,0.012367491166077738,0.0035335689045936395,0.1147410358565737,0.014134275618374548
Varanasi Cantt,369,4787,47.031543764361814,45.0,0.04804679339878839,0.33214957175684146,0.42281178190933777,0.19699185293503238,0.5228744516398579,0.47712554836014204,0.14998955504491332,0.17819093377898476,0.1579277209108001,0.1316064340923334,0.1449759766033006,0.10591184457906831,0.13139753499059953,2024091367.pdf,178,9,438,1,2,3,3,634,0,10,644,0,True,0.6908517350157729,0.2807570977917981,0.014195583596214511,0.0031545741324921135,0.13453102151660748,0.01104100946372244
Varanasi North,2,4933,47.82242043381309,46.0,0.04459760794648287,0.3166430164200284,0.423879991891344,0.21487938374214474,0.5175349685789581,0.48246503142104197,0.1542671802148794,0.17757956618690451,0.15406446381512265,0.14190147982971824,0.13561727143725927,0.0985201702817758,0.13804986823434015,2024091373.pdf,696,5,12,1,10,0,0,724,0,5,729,0,True,0.016574585635359115,0.9613259668508287,0.006906077348066298,0.013812154696132596,0.14778025542266368,0.0013812154696133394
Varanasi North,7,4876,47.20549630844955,46.0,0.045118949958982774,0.32895816242821985,0.4230926989335521,0.2028301886792453,0.5192780968006563,0.4807219031993437,0.14130434782608695,0.16878589007383102,0.16058244462674323,0.14643150123051682,0.14868744872846595,0.10438884331419196,0.12981952420016407,2024091373.pdf,479,3,150,1,1,0,0,634,0,2,636,0,True,0.23659305993690852,0.7555205047318612,0.00473186119873817,0.0015772870662460567,0.13043478260869565,0.001577287066246158
Varanasi North,12,4830,47.542028985507244,46.0,0.043478260869565216,0.32857142857142857,0.4126293995859213,0.2153209109730849,0.5265010351966873,0.4734989648033126,0.1496894409937888,0.17701863354037267,0.1629399585921325,0.13954451345755695,0.14285714285714285,0.09399585921325052,0.1339544513457557,2024091373.pdf,400,3,141,0,1,1,1,547,0,4,551,0,True,0.2577696526508227,0.7312614259597806,0.005484460694698354,0.0018281535648994515,0.11407867494824017,0.003656307129798919
Varanasi North,17,5012,47.640662410215484,46.0,0.04728651237031125,0.31324820430965683,0.42956903431763765,0.20989624900239426,0.5169592976855547,0.48304070231444535,0.14584996009577014,0.17537909018355946,0.1616121308858739,0.14604948124501196,0.13707102952913008,0.10315243415802075,0.13088587390263368,2024091373.pdf,436,3,64,0,4,0,0,507,0,2,509,0,True,0.126232741617357,0.8599605522682445,0.005917159763313609,0.007889546351084813,0.1015562649640862,0.0
Varanasi North,22,4852,47.60593569661995,46.0,0.04018961253091509,0.3165704863973619,0.43239901071723,0.210840890354493,0.5216405605935697,0.47835943940643033,0.1494229183841715,0.1811624072547403,0.16611706512778235,0.13478977741137677,0.13211046990931574,0.10305028854080792,0.13334707337180543,2024091373.pdf,538,9,160,0,10,0,0,717,0,1,718,0,True,0.22315202231520223,0.7503486750348675,0.012552301255230125,0.01394700139470014,0.14798021434460015,0.0
Varanasi North,27,5013,47.39457410732096,46.0,0.04847396768402154,0.31757430680231397,0.4314781567923399,0.20247356872132455,0.5154598045082784,0.4845401954917215,0.1450229403550768,0.17434669858368243,0.15360063834031518,0.14203072012766807,0.14203072012766807,0.10712148414123279,0.13584679832435667,2024091373.pdf,62,2,541,2,0,0,0,607,0,3,610,0,True,0.8912685337726524,0.10214168039538715,0.0032948929159802307,0.0,0.12168362258128865,0.0032948929159801743
Varanasi North,32,4896,47.5359477124183,45.0,0.04554738562091503,0.32169117647058826,0.42606209150326796,0.20669934640522875,0.5220588235294118,0.47794117647058826,0.15236928104575165,0.18341503267973855,0.1642156862745098,0.1423611111111111,0.1395016339869281,0.09783496732026144,0.12030228758169935,2024091373.pdf,111,1,454,0,0,1,0,567,0,4,571,0,True,0.800705467372134,0.19576719576719576,0.001763668430335097,0.0,0.11662581699346405,0.0017636684303352634
Varanasi North,37,4926,47.89321965083232,46.0,0.04912708079577751,0.3095818107998376,0.4165651644336175,0.22472594397076737,0.5178643930166463,0.4821356069833536,0.15428339423467316,0.17864393016646365,0.15915550142103127,0.14555420219244825,0.134185952090946,0.09602111246447421,0.13215590742996347,2024091373.pdf,81,1,431,0,1,0,1,515,0,2,517,0,True,0.8368932038834952,0.15728155339805824,0.001941747572815534,0.001941747572815534,0.10495330897279741,0.001941747572815511
Varanasi North,42,4957,47.72725438773452,46.0,0.044986887230179545,0.3149082106112568,0.43151099455315717,0.2085939076054065,0.5243090578979221,0.47569094210207785,0.15674803308452692,0.17974581400040346,0.1529150695985475,0.14242485374218278,0.136776275973371,0.10026225539640912,0.13112769820455922,2024091373.pdf,106,0,321,0,0,0,0,427,0,1,428,0,True,0.7517564402810304,0.24824355971896955,0.0,0.0,0.08634254589469437,0.0
Varanasi North,47,5063,47.367173612482716,46.0,0.04068733952202252,0.32944894331424057,0.42563697412601226,0.20422674303772467,0.51372703930476,0.48627296069523995,0.15188623345842386,0.18151293699387716,0.15800908552241755,0.1279873592731582,0.1378629271183093,0.10527355322931069,0.13746790440450327,2024091373.pdf,95,0,377,2,1,0,0,475,0,3,478,0,True,0.7936842105263158,0.2,0.0,0.002105263157894737,0.09441042859964448,0.004210526315789553
Varanasi North,52,4810,47.288773388773386,45.0,0.04698544698544699,0.3291060291060291,0.41975051975051975,0.20415800415800417,0.5234927234927235,0.47650727650727653,0.1494802494802495,0.1862785862785863,0.16507276507276508,0.1417879417879418,0.13513513513513514,0.09251559251559252,0.12972972972972974,2024091373.pdf,138,1,383,1,0,0,0,523,0,5,528,0,True,0.7323135755258127,0.2638623326959847,0.0019120458891013384,0.0,0.10977130977130978,0.0019120458891013214
Varanasi North,57,4918,47.43716958113054,46.0,0.0461569743798292,0.32411549410329404,0.4200894672631151,0.2096380642537617,0.5282635217568117,0.47173647824318826,0.1502643350955673,0.17588450589670598,0.1642944286295242,0.1392842618950793,0.14294428629524197,0.0939406262708418,0.13338755591703944,2024091373.pdf,111,4,660,1,1,0,1,778,0,3,781,0,True,0.8483290488431876,0.14267352185089974,0.005141388174807198,0.0012853470437017994,0.1588043920292802,0.0025706940874036244
Varanasi North,62,5000,47.185,46.0,0.0468,0.3224,0.4354,0.1954,0.5168,0.4832,0.1428,0.183,0.1668,0.136,0.1384,0.0958,0.1372,2024091373.pdf,174,0,270,0,0,0,0,444,0,0,444,0,True,0.6081081081081081,0.3918918918918919,0.0,0.0,0.0888,0.0
Varanasi North,67,4787,47.401712972634215,46.0,0.04679339878838521,0.3194067265510758,0.43158554418216,0.20221433047837895,0.5209943597242532,0.4790056402757468,0.14998955504491332,0.19093377898475036,0.1556298307917276,0.13118863588886567,0.14455817839983287,0.0998537706287863,0.12784625026112387,2024091373.pdf,58,0,495,3,0,0,0,556,0,4,560,0,True,0.8902877697841727,0.10431654676258993,0.0,0.0,0.11698349697096302,0.0053956834532373765
Varanasi North,77,5086,47.472670074714905,46.0,0.04699174203696421,0.32520644907589463,0.4280377506881636,0.19976405819897758,0.5279197797876524,0.47208022021234763,0.14353126228863547,0.1828548957923712,0.15827762485253638,0.1451042076287849,0.1397955171057806,0.09653952025167126,0.13389697208022022,2024091373.pdf,331,1,448,0,1,0,0,781,0,3,784,0,True,0.5736235595390525,0.4238156209987196,0.0012804097311139564,0.0012804097311139564,0.15414864333464412,0.0
Varanasi North,82,4815,47.807684319833854,46.0,0.0490134994807892,0.3150571131879543,0.4134994807892004,0.22242990654205608,0.5158878504672897,0.48411214953271026,0.15950155763239876,0.1767393561786085,0.1541017653167186,0.129595015576324,0.13811007268951195,0.10488058151609553,0.13707165109034267,2024091373.pdf,154,2,381,0,0,0,0,537,0,4,541,0,True,0.7094972067039106,0.28677839851024206,0.0037243947858473,0.0,0.11235721703011423,1.1102230246251565e-16
Varanasi North,87,4859,47.47211360362214,46.0,0.04671743157028195,0.3305206832681622,0.4111957192838033,0.21156616587775262,0.5247993414282774,0.47520065857172256,0.14056390203745628,0.17081704054332167,0.15826301708170407,0.1420045276805927,0.14982506688619057,0.0996089730397201,0.13891747273101462,2024091373.pdf,120,3,382,0,0,1,0,506,0,5,511,0,True,0.7549407114624506,0.23715415019762845,0.005928853754940711,0.0,0.10516567194896069,0.0019762845849803368
Varanasi North,92,4909,47.696883275616216,46.0,0.04501935221022611,0.31411692809126096,0.43430433896924014,0.20655938072927277,0.5184355265838256,0.48156447341617437,0.15522509676105112,0.18109594622122632,0.15929924628233857,0.140354451008352,0.13628030148706458,0.10185373803218578,0.12589122020778162,2024091373.pdf,95,1,456,2,0,0,0,554,0,1,555,0,True,0.8231046931407943,0.17148014440433212,0.0018050541516245488,0.0,0.11305764921572621,0.0036101083032490378
Varanasi North,97,5109,47.284595811313366,45.0,0.04736739087884126,0.33078880407124683,0.4135838715991388,0.20825993345077315,0.5112546486592288,0.4887453513407712,0.15091015854374634,0.1845762380113525,0.15365042082599334,0.14249363867684478,0.14347230377764728,0.09610491289880603,0.1287923272656097,2024091373.pdf,60,1,300,3,0,0,0,364,0,2,366,0,True,0.8241758241758241,0.16483516483516483,0.0027472527472527475,0.0,0.0716382853787434,0.008241758241758323
Varanasi North,102,5100,47.53901960784314,46.0,0.04372549019607843,0.32588235294117646,0.4231372549019608,0.2072549019607843,0.5133333333333333,0.4866666666666667,0.15019607843137256,0.17549019607843136,0.16372549019607843,0.1392156862745098,0.1349019607843137,0.09725490196078432,0.1392156862745098,2024091373.pdf,517,1,42,0,0,0,0,560,0,1,561,0,True,0.075,0.9232142857142858,0.0017857142857142857,0.0,0.11,0.0
Varanasi North,107,4962,47.575574365175335,46.0,0.04252317613865377,0.32305521966948814,0.42361950826279726,0.21080209592906085,0.5268037081821846,0.4731962918178154,0.1509471987101975,0.16989117291414751,0.15618702136235388,0.14812575574365175,0.1422813381700927,0.10560257960499798,0.12696493349455865,2024091373.pdf,482,2,58,1,0,0,0,543,0,2,545,0,True,0.10681399631675875,0.8876611418047882,0.003683241252302026,0.0,0.10983474405481661,0.0018416206261511192
Varanasi North,112,5115,47.66510263929619,46.0,0.04535679374389052,0.3204301075268817,0.42209188660801567,0.21212121212121213,0.5274682306940371,0.47253176930596286,0.15503421309872922,0.17126099706744868,0.16207233626588466,0.14076246334310852,0.1429130009775171,0.1032258064516129,0.12473118279569892,2024091373.pdf,107,0,543,1,1,0,0,652,0,2,654,0,True,0.8328220858895705,0.16411042944785276,0.0,0.0015337423312883436,0.1278592375366569,0.0015337423312883347
Varanasi North,117,4954,47.79814291481631,46.0,0.043802987484860716,0.3173193379087606,0.42692773516350424,0.21194993944287444,0.5171578522406136,0.48284214775938633,0.15704481227291078,0.1727896649172386,0.16754138070246266,0.13766653209527654,0.13302381913605169,0.10355268469923294,0.1283811061768268,2024091373.pdf,98,6,399,1,0,0,0,504,0,0,504,0,True,0.7916666666666666,0.19444444444444445,0.011904761904761904,0.0,0.10173597093257973,0.001984126984127088
Varanasi North,122,4985,47.50852557673019,46.0,0.048144433299899696,0.3267803410230692,0.41103309929789367,0.21404212637913742,0.5181544633901705,0.4818455366098295,0.14623871614844533,0.18054162487462388,0.15867602808425277,0.14663991975927784,0.14142427281845538,0.10230692076228685,0.12417251755265797,2024091373.pdf,62,2,498,1,0,0,0,563,0,3,566,0,True,0.8845470692717584,0.11012433392539965,0.003552397868561279,0.0,0.1135406218655968,0.001776198934280604
Varanasi North,127,5072,47.44459779179811,46.0,0.05362776025236593,0.3160488958990536,0.4242902208201893,0.20603312302839116,0.5248422712933754,0.4751577287066246,0.1474763406940063,0.17014984227129337,0.16798107255520506,0.1391955835962145,0.14609621451104102,0.09641167192429022,0.13268927444794953,2024091373.pdf,72,2,369,0,0,0,0,443,0,1,444,0,True,0.8329571106094809,0.16252821670428894,0.004514672686230248,0.0,0.08753943217665615,0.0
Varanasi North,132,4980,47.4570281124498,46.0,0.04558232931726908,0.3251004016064257,0.4218875502008032,0.20742971887550202,0.5230923694779116,0.47690763052208834,0.15,0.1785140562248996,0.16204819277108434,0.1359437751004016,0.13975903614457832,0.10040160642570281,0.13333333333333333,2024091373.pdf,80,0,539,2,0,0,0,621,0,6,627,0,True,0.8679549114331723,0.1288244766505636,0.0,0.0,0.12590361445783133,0.0032206119162641045
Varanasi North,137,5078,47.4747932256794,45.0,0.04864119732178023,0.31922016541945647,0.4226073257187869,0.20953131153997637,0.5189050807404489,0.481094919259551,0.16089011421819613,0.16857030326900355,0.15419456478928711,0.14178810555336746,0.14552973611658132,0.10023631350925562,0.12879086254430877,2024091373.pdf,103,4,386,2,0,0,1,496,0,6,502,0,True,0.7782258064516129,0.20766129032258066,0.008064516129032258,0.0,0.09885781803859787,0.006048387096774244
Varanasi North,142,4982,47.25732637494982,45.0,0.048574869530309116,0.32778000802890406,0.42131674026495386,0.202328382175833,0.5192693697310317,0.4807306302689683,0.14773183460457648,0.17543155359293455,0.1670012043356082,0.1346848655158571,0.1467282215977519,0.09755118426334805,0.13087113608992373,2024091373.pdf,395,2,224,1,1,1,1,625,0,2,627,0,True,0.3584,0.632,0.0032,0.0016,0.12585307105580087,0.0048000000000000265
Varanasi North,147,4987,47.35071185081211,46.0,0.04511730499298175,0.3236414678163224,0.42911570082213757,0.20212552636855824,0.5219570884299178,0.4780429115700822,0.15139362342089432,0.17445357930619612,0.1618207339081612,0.14577902546621216,0.1427712051333467,0.09564868658512131,0.12813314618006819,2024091373.pdf,727,3,2,0,5,0,0,737,0,0,737,0,True,0.0027137042062415195,0.9864314789687924,0.004070556309362279,0.0067842605156037995,0.1477842390214558,1.1102230246251565e-16
Varanasi North,152,4947,47.53729533050333,46.0,0.04406711138063473,0.32585405296139075,0.41944612896705075,0.2106327066909238,0.5281989084293511,0.47180109157064887,0.14958560743885183,0.18617343844754397,0.15908631493834646,0.14190418435415403,0.1326056195674146,0.0978370729735193,0.1328077622801698,2024091373.pdf,647,4,21,0,3,0,0,675,0,0,675,0,True,0.03111111111111111,0.9585185185185185,0.005925925925925926,0.0044444444444444444,0.13644633110976348,0.0
Varanasi North,157,4897,47.28303042679191,45.0,0.048805391055748416,0.3226465182764958,0.42086992035940374,0.20767817030835206,0.5295078619562997,0.4704921380437002,0.1566265060240964,0.17582193179497652,0.16173167245252196,0.14274045333877886,0.13906473351031243,0.09495609556871554,0.12905860731059832,2024091373.pdf,521,0,12,2,2,0,0,537,0,0,537,0,True,0.0223463687150838,0.9702048417132216,0.0,0.0037243947858473,0.10965897488258117,0.003724394785847296
Varanasi North,162,5088,47.213050314465406,45.0,0.046973270440251576,0.32547169811320753,0.42806603773584906,0.19948899371069181,0.5229952830188679,0.47700471698113206,0.14465408805031446,0.1818003144654088,0.15742924528301888,0.14327830188679244,0.14386792452830188,0.10023584905660378,0.12873427672955975,2024091373.pdf,101,1,685,0,0,0,0,787,0,4,791,0,True,0.8703939008894537,0.12833545108005082,0.0012706480304955528,0.0,0.15546383647798742,0.0
Varanasi North,167,5134,47.54421503700818,46.0,0.04440981690689521,0.3239189715621348,0.4230619400077912,0.20860927152317882,0.5241527074405922,0.4758472925594079,0.14102064666926373,0.18328788469029997,0.15699259836384885,0.14842228282041292,0.13848850798597584,0.10050642773665758,0.1312816517335411,2024091373.pdf,628,2,42,0,2,2,0,676,0,3,679,0,True,0.0621301775147929,0.9289940828402367,0.0029585798816568047,0.0029585798816568047,0.13225555122711335,0.00295857988165682
Varanasi North,172,4853,47.213682258396865,46.0,0.049041829796002474,0.3233051720585205,0.426334226251803,0.201318771893674,0.5159695033999588,0.4840304966000412,0.1543375231815372,0.17638574077889965,0.1625798475169998,0.14279826911188956,0.13105295693385535,0.10426540284360189,0.12858025963321656,2024091373.pdf,322,6,352,3,3,1,1,688,0,5,693,0,True,0.5116279069767442,0.4680232558139535,0.00872093023255814,0.00436046511627907,0.14279826911188956,0.007267441860465129
Varanasi North,177,5002,47.096361455417835,45.0,0.04938024790083966,0.3258696521391443,0.42602958816473413,0.19872051179528188,0.5271891243502599,0.4728108756497401,0.15553778488604558,0.18292682926829268,0.15813674530187924,0.13394642143142743,0.14354258296681327,0.09516193522590964,0.13074770091963214,2024091373.pdf,180,1,290,0,0,1,0,472,0,0,472,0,True,0.614406779661017,0.3813559322033898,0.00211864406779661,0.0,0.09436225509796081,0.0021186440677966045
Varanasi North,182,4964,47.345688960515716,46.0,0.04975825946817083,0.31486704270749394,0.4365431103948429,0.19883158742949233,0.5294117647058824,0.47058823529411764,0.14907332796132153,0.18170829975825947,0.16176470588235295,0.1305398871877518,0.1387993553585818,0.09689766317485898,0.1412167606768735,2024091373.pdf,146,1,381,7,0,3,0,538,0,3,541,0,True,0.70817843866171,0.27137546468401486,0.0018587360594795538,0.0,0.10898468976631749,0.0185873605947956
Varanasi North,187,4885,46.93203684749232,45.0,0.049744114636642786,0.33510747185261003,0.4157625383828045,0.19938587512794267,0.5209825997952917,0.4790174002047083,0.1578300921187308,0.17604912998976457,0.1617195496417605,0.14247697031729786,0.14002047082906857,0.0925281473899693,0.1293756397134084,2024091373.pdf,151,5,263,0,2,3,0,424,0,3,427,0,True,0.6202830188679245,0.3561320754716981,0.01179245283018868,0.0047169811320754715,0.08741044012282498,0.007075471698113178
Varanasi North,197,4852,47.05420445177246,45.0,0.043281121187139324,0.3373866446826051,0.4288953009068425,0.190436933223413,0.5261747732893652,0.4738252267106348,0.1434460016488046,0.18281121187139324,0.16446826051112942,0.13994229183841714,0.13478977741137677,0.1003709810387469,0.1341714756801319,2024091373.pdf,155,5,314,1,3,1,0,479,0,2,481,0,True,0.6555323590814196,0.3235908141962422,0.010438413361169102,0.006263048016701462,0.09913437757625722,0.0041753653444677186
Varanasi North,202,5122,47.34517766497462,46.0,0.05017571261226084,0.3178445919562671,0.427762592737212,0.20421710269426005,0.5216712221788364,0.4783287778211636,0.15228426395939088,0.18059351815696995,0.1569699336196798,0.14154627098789535,0.1405700898086685,0.10191331511128465,0.1261226083561109,2024091373.pdf,520,3,99,0,0,0,0,622,0,3,625,0,True,0.15916398713826366,0.8360128617363344,0.00482315112540193,0.0,0.12202264740335807,1.1102230246251565e-16
Varanasi North,207,4796,47.33319432860717,46.0,0.04399499582985821,0.3256880733944954,0.4286905754795663,0.20162635529608006,0.51209341117598,0.48790658882402,0.14845704753961636,0.1866138448707256,0.15950792326939117,0.13219349457881568,0.13615512927439533,0.10529608006672227,0.1317764804003336,2024091373.pdf,184,8,399,5,0,2,2,600,0,8,608,0,True,0.665,0.30666666666666664,0.013333333333333334,0.0,0.1267723102585488,0.015000000000000013
Varanasi North,212,4760,47.18109243697479,45.0,0.04747899159663865,0.3277310924369748,0.42016806722689076,0.2046218487394958,0.5168067226890757,0.4831932773109244,0.15378151260504203,0.1800420168067227,0.1453781512605042,0.14180672268907563,0.14159663865546218,0.09978991596638656,0.13760504201680673,2024091373.pdf,94,3,460,1,1,0,0,559,0,10,569,0,True,0.8228980322003577,0.16815742397137745,0.005366726296958855,0.0017889087656529517,0.11953781512605043,0.0017889087656529634
Varanasi North,217,4756,47.197434819175776,45.0,0.04814970563498738,0.33389402859545836,0.4100084104289319,0.20794785534062238,0.5237594617325484,0.47624053826745166,0.15538267451640034,0.17767031118587048,0.1581160639192599,0.1419259882253995,0.1383515559293524,0.10071488645920942,0.127838519764508,2024091373.pdf,314,4,366,0,0,1,0,685,0,1,686,0,True,0.5343065693430656,0.4583941605839416,0.00583941605839416,0.0,0.14423885618166526,0.0014598540145986938
Varanasi North,222,4859,47.461000205803664,46.0,0.043218769294093434,0.3261988063387528,0.4272484050216094,0.20333401934554435,0.5223296974686149,0.47767030253138504,0.15023667421280099,0.18440008232146532,0.16279069767441862,0.14262193867050835,0.13109693352541676,0.10578308293887631,0.12307059065651368,2024091373.pdf,346,0,74,0,3,0,0,423,0,0,423,0,True,0.17494089834515367,0.817966903073286,0.0,0.0070921985815602835,0.08705494957810249,0.0
Varanasi North,227,4822,47.55350476980506,45.0,0.048942347573620905,0.3226876814599751,0.4160099543757777,0.21236001659062628,0.5149315636665284,0.4850684363334716,0.1545002073828287,0.17669017005391954,0.15138946495230196,0.14413106594773953,0.14019079220240563,0.10120282040647034,0.1318954790543343,2024091373.pdf,584,1,13,0,3,0,1,602,0,1,603,0,True,0.02159468438538206,0.9700996677740864,0.0016611295681063123,0.0049833887043189366,0.12505184570717545,0.0016611295681063787
Varanasi North,232,4856,47.57372322899506,46.0,0.04633443163097199,0.3154859967051071,0.431836902800659,0.20634266886326194,0.5265650741350906,0.4734349258649094,0.1416803953871499,0.18616144975288304,0.15836079077429985,0.1464168039538715,0.14332784184514002,0.10111202635914333,0.12294069192751235,2024091373.pdf,108,0,421,0,0,0,2,531,0,2,533,0,True,0.7928436911487758,0.2033898305084746,0.0,0.0,0.10976112026359143,0.0037664783427495685
Varanasi North,237,4876,47.774405250205085,46.0,0.043478260869565216,0.31829368334700575,0.42637407711238723,0.21185397867104183,0.5233798195242002,0.47662018047579985,0.1435602953240361,0.18211648892534865,0.16017227235438886,0.1435602953240361,0.14417555373256769,0.10028712059064807,0.12612797374897458,2024091373.pdf,90,3,534,3,1,0,0,631,0,5,636,0,True,0.8462757527733756,0.14263074484944532,0.004754358161648178,0.001584786053882726,0.13043478260869565,0.004754358161648153
Varanasi North,242,4965,47.485196374622355,45.0,0.04451158106747231,0.3234642497482377,0.4241691842900302,0.20785498489425983,0.5284994964753273,0.4715005035246727,0.14501510574018128,0.18046324269889225,0.15971802618328299,0.1486404833836858,0.13313192346424974,0.09909365558912386,0.1339375629405841,2024091373.pdf,488,2,73,1,2,0,0,566,0,0,566,0,True,0.12897526501766785,0.8621908127208481,0.0035335689045936395,0.0035335689045936395,0.11399798590130916,0.0017667844522967213
Varanasi North,247,5126,47.290284822473666,45.0,0.05072181037846274,0.3308622707764339,0.41572376121732346,0.20269215762777995,0.5243854857588763,0.47561451424112366,0.1537261022239563,0.16952789699570817,0.16269996098322279,0.14319157237612173,0.14514241123683183,0.10066328521264144,0.12504877097151776,2024091373.pdf,596,5,52,3,0,0,0,656,0,1,657,0,True,0.07926829268292683,0.9085365853658537,0.007621951219512195,0.0,0.12817011314865392,0.004573170731707377
Varanasi North,252,4853,47.611374407582936,46.0,0.044920667628271176,0.3245415207088399,0.41850401813311355,0.2120337935297754,0.5108180506902946,0.4891819493097053,0.1502163610138059,0.17391304347826086,0.16319802184215948,0.1390892231609314,0.14341644343704923,0.09870183391716464,0.13146507315062847,2024091373.pdf,201,4,483,7,1,0,1,697,0,3,700,0,True,0.6929698708751794,0.2883787661406026,0.005738880918220947,0.0014347202295552368,0.1442406758705955,0.01147776183644178
Varanasi North,257,4914,47.374440374440375,46.0,0.040496540496540494,0.3294668294668295,0.42694342694342696,0.20309320309320308,0.5183150183150184,0.4816849816849817,0.1503866503866504,0.17867317867317867,0.16463166463166462,0.14041514041514042,0.14061864061864063,0.09544159544159544,0.12983312983312983,2024091373.pdf,65,1,398,3,0,0,0,467,0,4,471,0,True,0.8522483940042827,0.139186295503212,0.0021413276231263384,0.0,0.09584859584859586,0.0064239828693790635
Varanasi North,262,5120,47.5955078125,46.0,0.04765625,0.318359375,0.423046875,0.2109375,0.5220703125,0.4779296875,0.1490234375,0.183984375,0.153515625,0.1333984375,0.1345703125,0.1103515625,0.13515625,2024091373.pdf,62,0,292,0,0,0,0,354,0,2,356,0,True,0.8248587570621468,0.1751412429378531,0.0,0.0,0.06953125,0.0
Varanasi North,267,4905,47.60040774719674,46.0,0.044444444444444446,0.3186544342507645,0.4277268093781855,0.20917431192660552,0.5184505606523955,0.48154943934760447,0.1506625891946993,0.17023445463812437,0.1616717635066259,0.13577981651376148,0.1347604485219164,0.1035677879714577,0.1433231396534149,2024091373.pdf,52,1,361,1,0,0,0,415,0,1,416,0,True,0.8698795180722891,0.12530120481927712,0.0024096385542168677,0.0,0.08481141692150866,0.002409638554216942
Varanasi North,272,4757,47.491276014294726,45.0,0.045406768972041205,0.3205801976035316,0.42610889215892367,0.20790414126550347,0.5143998318267816,0.48560016817321844,0.15513979398780745,0.17363884801345386,0.1608156401093126,0.14168593651461006,0.13958377128442295,0.10258566323313012,0.126550346857263,2024091373.pdf,55,0,323,0,1,2,2,383,0,2,385,0,True,0.8433420365535248,0.14360313315926893,0.0,0.0026109660574412533,0.08093336136220307,0.010443864229764954
Varanasi North,277,5024,47.56886942675159,46.0,0.04578025477707006,0.3206608280254777,0.42456210191082805,0.2089968152866242,0.5093550955414012,0.4906449044585987,0.15764331210191082,0.192078025477707,0.15087579617834396,0.14012738853503184,0.1449044585987261,0.0901671974522293,0.12420382165605096,2024091373.pdf,58,1,504,3,0,0,0,566,0,3,569,0,True,0.8904593639575972,0.10247349823321555,0.0017667844522968198,0.0,0.11325636942675159,0.005300353356890497
Varanasi North,282,4777,47.628846556416164,46.0,0.047938036424534224,0.31588863303328446,0.42662759053799454,0.20954574000418671,0.5158048984718443,0.48419510152815576,0.1509315469960226,0.17647058823529413,0.16453841323006071,0.13962738120159096,0.15030353778522085,0.09482939083106552,0.12329914172074524,2024091373.pdf,191,0,347,2,1,0,1,542,0,2,544,0,True,0.6402214022140221,0.35239852398523985,0.0,0.0018450184501845018,0.11387900355871886,0.005535055350553542
Varanasi North,287,4910,47.72036659877801,46.0,0.04704684317718941,0.3154786150712831,0.4244399185336049,0.2130346232179226,0.5173116089613035,0.48268839103869654,0.15926680244399186,0.1824847250509165,0.15926680244399186,0.14114052953156822,0.1354378818737271,0.09551934826883911,0.12688391038696537,2024091373.pdf,419,2,177,1,0,1,1,601,0,2,603,0,True,0.2945091514143095,0.697171381031614,0.0033277870216306157,0.0,0.12281059063136457,0.004991680532445919
Varanasi North,292,4839,47.93283736309155,46.0,0.04401735895846249,0.3211407315561066,0.41868154577392025,0.21616036371151065,0.5207687538747675,0.4792312461252325,0.15540400909278776,0.17668939863608182,0.16077702004546393,0.1407315561066336,0.1425914445133292,0.09609423434593925,0.1277123372597644,2024091373.pdf,65,0,463,2,0,1,0,531,0,5,536,0,True,0.871939736346516,0.1224105461393597,0.0,0.0,0.11076668733209341,0.005649717514124353
Varanasi North,297,5080,47.73267716535433,46.0,0.04488188976377953,0.32224409448818897,0.41929133858267714,0.21358267716535434,0.5194881889763779,0.48051181102362206,0.1529527559055118,0.1795275590551181,0.16594488188976378,0.13031496062992126,0.13858267716535433,0.09625984251968504,0.13641732283464567,2024091373.pdf,53,1,269,0,0,0,1,324,0,2,326,0,True,0.8302469135802469,0.16358024691358025,0.0030864197530864196,0.0,0.0641732283464567,0.0030864197530864335
Varanasi North,302,4744,47.727866779089375,46.0,0.038996627318718384,0.31618887015177066,0.433389544688027,0.211424957841484,0.5299325463743676,0.4700674536256324,0.16125632377740304,0.17727655986509275,0.15914839797639124,0.14038785834738618,0.13954468802698144,0.09317032040472176,0.12921585160202362,2024091373.pdf,78,1,391,1,0,0,1,472,0,2,474,0,True,0.8283898305084746,0.1652542372881356,0.00211864406779661,0.0,0.09991568296795952,0.004237288135593209
Varanasi North,307,4984,47.75822632423756,46.0,0.04012841091492777,0.3166131621187801,0.43158105939004815,0.21167736757624397,0.5176565008025682,0.4823434991974318,0.14847512038523275,0.18258426966292135,0.15690208667736757,0.13984751203852328,0.14325842696629212,0.09791332263242375,0.13101926163723918,2024091373.pdf,26,1,141,0,0,0,0,168,0,2,170,0,True,0.8392857142857143,0.15476190476190477,0.005952380952380952,0.0,0.03410914927768861,0.0
Varanasi North,317,4821,47.58079236672889,46.0,0.04314457581414644,0.3256585770587015,0.41962248496162624,0.21157436216552583,0.5295581829495956,0.4704418170504045,0.14747977598008713,0.17880107861439534,0.15287284795685543,0.1431238332296204,0.14374611076540136,0.09935697987969301,0.13461937357394732,2024091373.pdf,184,9,405,1,0,0,0,599,0,2,601,0,True,0.676126878130217,0.3071786310517529,0.015025041736227046,0.0,0.12466293300145198,0.0016694490818029983
Varanasi North,322,5096,47.466640502354785,46.0,0.04277864992150707,0.3269230769230769,0.4240580847723705,0.20624018838304553,0.5105965463108321,0.489403453689168,0.14972527472527472,0.17111459968602827,0.16267660910518053,0.13638147566718994,0.14187598116169545,0.10125588697017268,0.1369701726844584,2024091373.pdf,88,0,378,3,0,0,1,470,0,5,475,0,True,0.8042553191489362,0.18723404255319148,0.0,0.0,0.09321036106750392,0.008510638297872353
Varanasi North,327,5110,47.36320939334638,45.0,0.04129158512720157,0.33287671232876714,0.42250489236790606,0.20332681017612525,0.5031311154598825,0.4968688845401174,0.14559686888454013,0.1898238747553816,0.15107632093933465,0.14383561643835616,0.14344422700587084,0.09882583170254403,0.1273972602739726,2024091373.pdf,94,2,519,1,0,1,0,617,0,4,621,0,True,0.8411669367909238,0.15235008103727715,0.0032414910858995136,0.0,0.12152641878669276,0.0032414910858995505
Varanasi South,3,5084,47.33123524783635,46.0,0.04760031471282455,0.3330055074744296,0.4112903225806452,0.2081038552321007,0.5096380802517703,0.49036191974822974,0.16011014948859165,0.16719118804091268,0.1599134539732494,0.1437844217151849,0.14280094413847363,0.10405192761605035,0.12214791502753737,2024091394.pdf,291,52,318,5,2,4,7,679,0,8,687,0,True,0.4683357879234168,0.42857142857142855,0.07658321060382917,0.0029455081001472753,0.1351298190401259,0.02356406480117834
Varanasi South,8,5067,47.38582987961318,46.0,0.043615551608446816,0.3246496940990724,0.4296427866587724,0.20209196763370832,0.5255575291099269,0.474442470890073,0.14900335504243142,0.17959344779948688,0.16301559107953423,0.13656996250246695,0.13933293862245905,0.10617722518255378,0.12630747977106768,2024091394.pdf,415,64,148,3,2,1,3,636,0,7,643,0,True,0.23270440251572327,0.6525157232704403,0.10062893081761007,0.0031446540880503146,0.12689954608249457,0.011006289308176043
Varanasi South,13,5037,47.23247965058567,45.0,0.04645622394282311,0.32837006154457016,0.42247369465951956,0.20270001985308717,0.5257097478657932,0.4742902521342069,0.14869962279134405,0.1802660313678777,0.1673615247170935,0.144530474488783,0.1353980543974588,0.10164780623386936,0.12209648600357356,2024091394.pdf,192,6,404,12,2,3,0,619,0,10,629,0,True,0.6526655896607432,0.31017770597738287,0.009693053311793215,0.0032310177705977385,0.12487591820528092,0.024232633279482885
Varanasi South,18,4935,47.39878419452887,46.0,0.04883485309017224,0.3181357649442756,0.42897669706180347,0.20405268490374873,0.5197568389057751,0.48024316109422494,0.1513677811550152,0.18115501519756838,0.1540020263424519,0.14062816616008106,0.13353596757852076,0.1094224924012158,0.12988855116514691,2024091394.pdf,349,67,407,10,25,4,4,866,0,8,874,0,True,0.46997690531177827,0.40300230946882215,0.07736720554272518,0.028868360277136258,0.17710233029381967,0.020785219399538257
Varanasi South,23,4915,47.54771108850458,46.0,0.04333672431332655,0.3190233977619532,0.43662258392675485,0.20101729399796542,0.5206510681586979,0.4793489318413021,0.13713123092573754,0.17538148524923702,0.15666327568667346,0.14791454730417092,0.14201424211597152,0.09542217700915565,0.14547304170905392,2024091394.pdf,103,3,433,3,0,2,1,545,0,4,549,0,True,0.7944954128440367,0.1889908256880734,0.005504587155963303,0.0,0.11169888097660224,0.011009174311926495
Varanasi South,28,4892,47.80948487326247,46.0,0.040474243663123466,0.321340964840556,0.4213000817661488,0.2168847097301717,0.5206459525756337,0.4793540474243663,0.15147179067865904,0.17027800490596892,0.16148814390842192,0.1357318070318888,0.14881439084219134,0.10077677841373671,0.13143908421913328,2024091394.pdf,386,7,518,5,5,3,6,930,0,7,937,0,True,0.556989247311828,0.4150537634408602,0.007526881720430108,0.005376344086021506,0.19153720359771054,0.01505376344086018
Varanasi South,33,4749,47.57906927774268,46.0,0.043588123815540114,0.3242787955359023,0.41945672773215414,0.21267635291640347,0.5266371867761634,0.4733628132238366,0.15371657190987575,0.1779321962518425,0.16382396293956622,0.13918719730469573,0.14339861023373343,0.09896820383238576,0.12297325752790061,2024091394.pdf,515,9,155,1,7,4,0,691,0,5,696,0,True,0.22431259044862517,0.7452966714905933,0.013024602026049204,0.010130246020260492,0.14655716993051168,0.007235890014471891
Varanasi South,38,5054,47.430747922437675,46.0,0.045706371191135735,0.32370399683419077,0.4254056193114365,0.20518401266323705,0.5140482785912148,0.4859517214087851,0.14701226751088248,0.18163830629204591,0.16937079540957659,0.13434903047091412,0.13870201820340325,0.10486743173723784,0.12406015037593984,2024091394.pdf,320,184,120,11,4,3,3,645,0,8,653,0,True,0.18604651162790697,0.49612403100775193,0.28527131782945736,0.006201550387596899,0.129204590423427,0.02635658914728678
Varanasi South,43,4983,47.417419225366245,46.0,0.046357615894039736,0.32590808749749145,0.4204294601645595,0.2073048364439093,0.5233794902669074,0.4766205097330925,0.14710014047762393,0.18322295805739514,0.15432470399357817,0.14208308248043347,0.14288581175998394,0.10375275938189846,0.1266305438490869,2024091394.pdf,208,25,480,7,2,0,5,727,0,3,730,0,True,0.6602475928473177,0.2861072902338377,0.0343878954607978,0.002751031636863824,0.14649809351796106,0.016506189821182904
Varanasi South,53,4863,47.46535060662143,45.0,0.03907053259304956,0.33312769895126465,0.4221673863870039,0.20563438206868187,0.5142915895537734,0.4857084104462266,0.15628213037219824,0.17972444992802797,0.15031873329220646,0.1451778737404894,0.1420933580094592,0.1009664815957228,0.12543697306189594,2024091394.pdf,345,59,224,5,0,0,1,634,0,6,640,0,True,0.35331230283911674,0.5441640378548895,0.09305993690851735,0.0,0.1316060045239564,0.009463722397476393
Varanasi South,58,5019,47.203426977485556,45.0,0.04881450488145049,0.32715680414425186,0.42418808527595137,0.19984060569834627,0.5160390516039052,0.4839609483960948,0.14763897190675435,0.1821079896393704,0.16816098824467024,0.1354851564056585,0.1315002988643156,0.10161386730424388,0.13349272763498704,2024091394.pdf,147,7,405,3,6,3,2,573,0,10,583,0,True,0.7068062827225131,0.25654450261780104,0.012216404886561954,0.010471204188481676,0.11615859733014544,0.013961605584642212
Varanasi South,63,4905,47.28154943934761,45.0,0.045463812436289504,0.3259938837920489,0.42874617737003057,0.199796126401631,0.5186544342507645,0.4813455657492355,0.14291539245667687,0.18103975535168196,0.1616717635066259,0.14454638124362895,0.14250764525993884,0.09887869520897044,0.12844036697247707,2024091394.pdf,445,4,137,0,1,2,1,590,0,6,596,0,True,0.23220338983050848,0.7542372881355932,0.006779661016949152,0.001694915254237288,0.12150866462793068,0.005084745762711895
Varanasi South,68,4979,47.47278569993975,45.0,0.04960835509138381,0.329182566780478,0.40871660976099616,0.212492468367142,0.5316328580036151,0.4683671419963848,0.14239807190198836,0.1783490660775256,0.16991363727656156,0.13094998995782287,0.14641494275959027,0.10142598915444868,0.13054830287206268,2024091394.pdf,146,142,173,1,2,1,1,466,0,4,470,0,True,0.37124463519313305,0.3133047210300429,0.30472103004291845,0.004291845493562232,0.0943964651536453,0.006437768240343478
Varanasi South,73,5063,47.280071104088485,46.0,0.04602014615840411,0.3235236026071499,0.42859964447955756,0.2018566067548884,0.5198498913687537,0.4801501086312463,0.15287379024293896,0.17282243729014418,0.16334189215879913,0.14201066561327277,0.13015998419909144,0.10606359865692278,0.13272763183883074,2024091394.pdf,264,96,262,5,7,6,4,644,0,14,658,0,True,0.40683229813664595,0.40993788819875776,0.14906832298136646,0.010869565217391304,0.12996247284218843,0.02329192546583836
Varanasi South,78,4879,47.52039352326296,46.0,0.04447632711621234,0.32260709161713463,0.42303750768600124,0.20987907358065178,0.5101455216232834,0.48985447837671653,0.14408690305390448,0.17708546833367494,0.1610985857757737,0.13978274236523877,0.1414224226275876,0.1014552162328346,0.13506866161098585,2024091394.pdf,287,34,419,11,2,6,0,759,0,4,763,0,True,0.5520421607378129,0.37812911725955206,0.04479578392621871,0.002635046113306983,0.1563845050215208,0.022397891963109262
Varanasi South,83,4753,47.83925941510625,46.0,0.04923206395960446,0.312434252051336,0.4218388386282348,0.21649484536082475,0.5209341468546181,0.47906585314538186,0.1489585524931622,0.1836734693877551,0.1596886177151273,0.14201556911424362,0.1373869135282979,0.09783294761203451,0.13044393014937933,2024091394.pdf,313,15,230,2,1,2,1,564,0,4,568,0,True,0.4078014184397163,0.5549645390070922,0.026595744680851064,0.0017730496453900709,0.11950347149168945,0.00886524822695045
Varanasi South,88,4927,47.708950679926936,46.0,0.04586969758473716,0.31439009539273394,0.4314998985183682,0.20824030850416075,0.521412624314999,0.47858737568500104,0.1491779987822204,0.19098843109397198,0.15851430891008728,0.12908463568094175,0.13740612949056222,0.10249644814288614,0.13233204789933023,2024091394.pdf,210,12,410,3,7,7,2,651,0,19,670,0,True,0.6298003072196621,0.3225806451612903,0.018433179723502304,0.010752688172043012,0.13598538664501725,0.018433179723502335
Varanasi South,93,4775,47.267225130890054,46.0,0.049214659685863874,0.3195811518324607,0.42366492146596857,0.2075392670157068,0.5095287958115183,0.49047120418848167,0.1480628272251309,0.1868062827225131,0.16,0.1369633507853403,0.13528795811518324,0.10157068062827225,0.1313089005235602,2024091394.pdf,430,48,343,7,7,2,2,839,0,17,856,0,True,0.4088200238379023,0.5125148986889154,0.057210965435041714,0.00834326579261025,0.17926701570680628,0.013110846245530383
Varanasi South,98,5130,47.65750487329435,46.0,0.04307992202729045,0.3290448343079922,0.41500974658869394,0.2128654970760234,0.5243664717348928,0.4756335282651072,0.15555555555555556,0.1793372319688109,0.15458089668615985,0.14385964912280702,0.13762183235867445,0.09727095516569201,0.13177387914230018,2024091394.pdf,300,18,393,11,1,4,1,728,0,6,734,0,True,0.5398351648351648,0.41208791208791207,0.024725274725274724,0.0013736263736263737,0.14307992202729045,0.02197802197802201
Varanasi South,103,5032,47.7800079491256,46.0,0.04511128775834658,0.3169713831478537,0.41752782193958665,0.22038950715421304,0.5280206677265501,0.4719793322734499,0.1458664546899841,0.18223370429252783,0.162758346581876,0.14308426073131955,0.140302066772655,0.10254372019077901,0.1232114467408585,2024091394.pdf,231,90,208,3,4,3,2,541,0,16,557,0,True,0.3844731977818854,0.4269870609981516,0.16635859519408502,0.0073937153419593345,0.11069157392686804,0.014787430683918634
Varanasi South,108,4809,47.42441255978374,46.0,0.047826991058432106,0.3231441048034934,0.42358078602620086,0.20544811811187358,0.5198585984612185,0.48014140153878143,0.15325431482636723,0.1804949053857351,0.15886878768974838,0.14327302973591183,0.14077770846329798,0.08962362237471408,0.1337076315242254,2024091394.pdf,402,56,242,6,2,4,4,716,0,2,718,0,True,0.33798882681564246,0.5614525139664804,0.0782122905027933,0.002793296089385475,0.14930338947806196,0.019553072625698276
Varanasi South,113,5101,47.2917075083317,46.0,0.041560478337580864,0.3307194667712213,0.4285434228582631,0.19917663203293473,0.5297000588119977,0.47029994118800234,0.14879435404822583,0.1772201529111939,0.16428151342873945,0.14114879435404823,0.14252107429915703,0.10233287590668497,0.1237012350519506,2024091394.pdf,338,4,380,2,3,1,4,732,0,4,736,0,True,0.5191256830601093,0.46174863387978143,0.00546448087431694,0.004098360655737705,0.14428543422858264,0.0095628415300546
Varanasi South,118,5133,47.678355737385544,46.0,0.04013247613481395,0.32144944476914084,0.423728813559322,0.21468926553672316,0.5205532826806936,0.47944671731930644,0.1492304695110072,0.18488213520358465,0.1692967075784142,0.1428014806156244,0.1357880381842977,0.09409701928696669,0.12390414962010521,2024091394.pdf,366,38,272,1,1,3,0,681,0,6,687,0,True,0.39941262848751835,0.5374449339207048,0.055800293685756244,0.0014684287812041115,0.13383985973115137,0.005873715124816492
Varanasi South,123,4835,47.29079627714581,45.0,0.04570837642192348,0.32078593588417786,0.4357807652533609,0.19772492244053774,0.5178903826266804,0.48210961737331953,0.14788004136504654,0.1782833505687694,0.16049638055842813,0.14436401240951396,0.14436401240951396,0.10093071354705274,0.12368148914167529,2024091394.pdf,126,98,209,4,2,2,2,443,0,6,449,0,True,0.4717832957110609,0.28442437923250563,0.22121896162528218,0.004514672686230248,0.09286452947259566,0.018058690744920947
Varanasi South,128,4947,47.14210632706691,45.0,0.05275924802910855,0.3286840509399636,0.4117647058823529,0.20679199514857488,0.5150596321002627,0.4849403678997372,0.15524560339599758,0.17647058823529413,0.16070345664038813,0.13968061451384678,0.14230846977966444,0.09702850212249849,0.12856276531231048,2024091394.pdf,257,55,381,11,1,8,5,718,0,7,725,0,True,0.5306406685236769,0.3579387186629526,0.0766016713091922,0.001392757660167131,0.14655346674752376,0.033426183844011303
Varanasi South,133,5089,47.124189428178425,45.0,0.047553546865788957,0.327962271566123,0.4256238946747888,0.19886028689329927,0.5248575358616624,0.4751424641383376,0.1501277264688544,0.1813715857732364,0.15897032815877382,0.14089212025938297,0.1357830615052073,0.10453920220082531,0.1283159756337198,2024091394.pdf,266,5,380,4,9,7,4,675,0,7,682,0,True,0.562962962962963,0.3940740740740741,0.007407407407407408,0.013333333333333334,0.13401454116722342,0.022222222222222143
Varanasi South,138,5082,47.61137347500984,46.0,0.04269972451790634,0.31798504525777255,0.4313262495080677,0.20798898071625344,0.5304998032270759,0.46950019677292404,0.14659582841401023,0.17768595041322313,0.16351829988193625,0.1381345926800472,0.14088941361668633,0.10920897284533648,0.12396694214876033,2024091394.pdf,401,38,264,3,8,5,3,722,0,4,726,0,True,0.3656509695290859,0.5554016620498615,0.05263157894736842,0.0110803324099723,0.14285714285714285,0.015235457063711988
Varanasi South,143,4784,47.54786789297659,46.0,0.04222408026755853,0.32838628762541805,0.41868729096989965,0.21070234113712374,0.5075250836120402,0.49247491638795987,0.15029264214046822,0.18206521739130435,0.15990802675585283,0.1354515050167224,0.14067725752508362,0.09949832775919733,0.13210702341137123,2024091394.pdf,282,34,463,6,3,1,1,790,0,10,800,0,True,0.5860759493670886,0.3569620253164557,0.043037974683544304,0.0037974683544303796,0.16722408026755853,0.010126582278480956
Varanasi South,148,4849,47.2759331820994,45.0,0.04516395133017117,0.32914002887193233,0.42544854609197774,0.20024747370591875,0.51907609816457,0.48092390183543,0.15075273252216953,0.18065580532068468,0.16436378634770055,0.1410600123736853,0.13858527531449782,0.09651474530831099,0.12806764281295113,2024091394.pdf,357,100,361,9,7,9,4,847,0,10,857,0,True,0.42621015348288077,0.4214876033057851,0.1180637544273908,0.008264462809917356,0.17673747164363787,0.025974025974025983
Varanasi South,153,4935,47.21479229989868,45.0,0.046200607902735565,0.32887537993920973,0.4249240121580547,0.2,0.5138804457953394,0.4861195542046606,0.14954407294832828,0.1696048632218845,0.16109422492401215,0.14305977710233028,0.14934143870314084,0.09544072948328268,0.13191489361702127,2024091394.pdf,373,4,248,1,2,2,0,630,0,9,639,0,True,0.39365079365079364,0.5920634920634921,0.006349206349206349,0.0031746031746031746,0.12948328267477205,0.004761904761904745
Varanasi South,158,4753,47.61161371765201,46.0,0.041237113402061855,0.3208499894803282,0.43635598569324635,0.20155691142436355,0.5217757205975173,0.47822427940248263,0.1476961918788134,0.18304228908058068,0.15947822427940248,0.14727540500736377,0.13528297917104987,0.09299389859036399,0.13423101199242585,2024091394.pdf,206,30,349,6,1,3,3,598,0,3,601,0,True,0.5836120401337793,0.34448160535117056,0.05016722408026756,0.0016722408026755853,0.12644645487060804,0.02006688963210701
Varanasi South,163,4766,47.241082668904745,45.0,0.04490138480906421,0.33676038606798153,0.414603441040705,0.20373478808224926,0.5283256399496433,0.4716743600503567,0.14120856063785145,0.1737305916911456,0.16386907259756608,0.1311372219890894,0.1477129668485103,0.1019723038187159,0.14036928241712127,2024091394.pdf,609,83,81,4,4,2,1,784,0,14,798,0,True,0.10331632653061225,0.7767857142857143,0.10586734693877552,0.00510204081632653,0.16743600503566933,0.008928571428571397
Varanasi South,173,5113,47.674163895951494,46.0,0.04674359475845883,0.32935654214746724,0.4040680618032466,0.2198318012908273,0.5208292587522003,0.47917074124779974,0.14512028163504792,0.1766086446313319,0.16506943086250733,0.14805398005085077,0.14120868374731077,0.09700762761588108,0.1269313514570702,2024091394.pdf,207,6,407,2,0,1,1,624,0,5,629,0,True,0.6522435897435898,0.3317307692307692,0.009615384615384616,0.0,0.12301975356933308,0.0064102564102563875
Varanasi South,178,4956,47.511501210653755,46.0,0.048627925746569815,0.3196125907990315,0.42332526230831313,0.20843422114608556,0.5090799031476998,0.49092009685230026,0.1466908797417272,0.18119451170298628,0.15153349475383374,0.13720742534301855,0.14507667473769167,0.09180790960451977,0.14648910411622276,2024091394.pdf,216,5,408,0,0,2,0,631,0,3,634,0,True,0.6465927099841522,0.34231378763866877,0.00792393026941363,0.0,0.12792574656981437,0.0031695721077653616
Varanasi South,183,5071,47.703411555906136,46.0,0.03727075527509367,0.3279432064681522,0.42259909288108854,0.21218694537566554,0.5235653717215539,0.47643462827844607,0.14296982843620587,0.18517057779530666,0.15539341352790376,0.14198382961940445,0.14928022086373496,0.10254387694734766,0.12265825281009662,2024091394.pdf,278,16,387,3,1,0,0,685,0,3,688,0,True,0.564963503649635,0.4058394160583942,0.02335766423357664,0.00145985401459854,0.13567343719187536,0.004379562043795526
Varanasi South,188,5076,47.58372734436564,46.0,0.047084318360914104,0.3321513002364066,0.40799842395587077,0.2127659574468085,0.5423561859732072,0.4576438140267928,0.15051221434200157,0.18262411347517732,0.161150512214342,0.14105594956658787,0.13435776201733649,0.09771473601260836,0.1325847123719464,2024091394.pdf,208,31,327,2,2,2,0,572,0,6,578,0,True,0.5716783216783217,0.36363636363636365,0.05419580419580419,0.0034965034965034965,0.11386918833727344,0.006993006993006978
Varanasi South,193,5094,47.707302709069495,46.0,0.04240282685512368,0.3176285826462505,0.42952493129171576,0.21044365920691008,0.5151158225363173,0.4848841774636828,0.1529250098154692,0.1855123674911661,0.15626226933647427,0.1397722811150373,0.13466823714173537,0.10345504515115822,0.12740478994895957,2024091394.pdf,223,10,388,3,1,1,1,627,0,8,635,0,True,0.6188197767145136,0.35566188197767146,0.01594896331738437,0.001594896331738437,0.12465645857872007,0.007974481658692079
Varanasi South,198,4832,47.424048013245034,45.0,0.044908940397350994,0.3263658940397351,0.42549668874172186,0.20322847682119205,0.5202814569536424,0.47971854304635764,0.14155629139072848,0.18418874172185432,0.16494205298013245,0.1357615894039735,0.14879966887417218,0.10575331125827815,0.11899834437086093,2024091394.pdf,170,17,133,0,0,0,0,320,0,0,320,0,True,0.415625,0.53125,0.053125,0.0,0.06622516556291391,0.0
Varanasi South,203,4786,47.76619306310071,46.0,0.042833263685750106,0.32177183451734226,0.4214375261178437,0.21395737567906395,0.5229837024655244,0.47701629753447555,0.1567070622649394,0.18303384872544923,0.16151274550773087,0.13330547430004178,0.1330965315503552,0.10133723359799415,0.13100710405348934,2024091394.pdf,353,7,408,10,8,8,2,796,0,9,805,0,True,0.5125628140703518,0.4434673366834171,0.008793969849246231,0.010050251256281407,0.16819891349770164,0.025125628140703515
Varanasi South,208,4863,47.33847419288505,45.0,0.044211392144766604,0.3300431832202344,0.4196997738021797,0.20604565083281925,0.5270409212420316,0.47295907875796833,0.1509356364384125,0.18424840633353898,0.16265679621632737,0.14024264857084104,0.1328398108163685,0.10199465350606621,0.1270820481184454,2024091394.pdf,300,23,366,5,1,4,1,700,0,6,706,0,True,0.5228571428571429,0.42857142857142855,0.032857142857142856,0.0014285714285714286,0.1451778737404894,0.014285714285714235
Varanasi South,213,4981,47.518169042360974,46.0,0.046376229672756474,0.3232282674161815,0.4242120056213612,0.20618349728970087,0.527604898614736,0.472395101385264,0.14153784380646456,0.1812888978116844,0.16201565950612326,0.14334470989761092,0.14756073077695242,0.10218831559927725,0.12206384260188717,2024091394.pdf,340,18,275,3,0,1,0,637,0,4,641,0,True,0.4317111459968603,0.533751962323391,0.0282574568288854,0.0,0.1286890182694238,0.006279434850863463
Varanasi South,218,5083,47.95239032067676,46.0,0.046429274050757426,0.315168207751328,0.41687979539641945,0.22152272280149518,0.5240999409797363,0.4759000590202636,0.14971473539248475,0.18355301987015543,0.1676175486917175,0.14184536690930552,0.13102498524493408,0.09797363761558135,0.12827070627582138,2024091394.pdf,238,85,300,3,0,1,2,629,0,7,636,0,True,0.4769475357710652,0.3783783783783784,0.13513513513513514,0.0,0.12512295888254968,0.009538950715421324
Varanasi South,223,4958,47.20229931423961,45.0,0.04659136748688988,0.3299717628075837,0.41064945542557485,0.2127874142799516,0.5129084308188786,0.4870915691811214,0.14602662363856395,0.1762807583703106,0.15974183138362244,0.14259782170229932,0.1371520774505849,0.10649455425574829,0.1317063331988705,2024091394.pdf,150,30,312,3,0,5,1,501,0,5,506,0,True,0.6227544910179641,0.2994011976047904,0.059880239520958084,0.0,0.10205728116175877,0.017964071856287456
Varanasi South,228,5120,47.6125,46.0,0.044921875,0.316796875,0.4283203125,0.2099609375,0.5205078125,0.4794921875,0.1474609375,0.1826171875,0.1578125,0.13515625,0.1408203125,0.1001953125,0.1359375,2024091394.pdf,216,13,348,4,0,2,2,585,0,0,585,0,True,0.5948717948717949,0.36923076923076925,0.022222222222222223,0.0,0.1142578125,0.013675213675213627
Varanasi South,233,5103,47.36488340192044,46.0,0.04605134234763864,0.32196747011561827,0.42719968645894574,0.20478150107779738,0.5249853027630805,0.47501469723691947,0.1440329218106996,0.1791103272584754,0.1557907113462669,0.1504997060552616,0.13168724279835392,0.10503625318440134,0.13384283754654125,2024091394.pdf,496,11,148,4,2,3,1,665,0,5,670,0,True,0.22255639097744362,0.7458646616541353,0.016541353383458645,0.0030075187969924814,0.13129531648050166,0.012030075187969946
Varanasi South,238,5042,47.869892899643,46.0,0.04383181277270924,0.3232844109480365,0.41689805632685445,0.21598571995239985,0.5247917493058311,0.475208250694169,0.15013883379611265,0.17869892899643,0.16660055533518445,0.1372471241570805,0.14081713605712018,0.10115033716779057,0.12534708449028165,2024091394.pdf,389,13,72,0,1,2,0,477,0,4,481,0,True,0.1509433962264151,0.8155136268343816,0.027253668763102725,0.0020964360587002098,0.09539865132883776,0.004192872117400381
Varanasi South,243,4811,47.546871752234466,46.0,0.04822282269798379,0.3219704843067969,0.4196632716690917,0.21014342132612762,0.5383496154645604,0.4616503845354396,0.15443774683018083,0.17647058823529413,0.16503845354396177,0.14155061317813344,0.13302847640823115,0.09810850135107047,0.13136562045312825,2024091394.pdf,199,4,439,6,7,5,6,666,0,6,672,0,True,0.6591591591591591,0.2987987987987988,0.006006006006006006,0.010510510510510511,0.13967990022864268,0.02552552552552556
Varanasi South,248,5047,47.89696849613632,46.0,0.0515157519318407,0.30414107390529027,0.42995839112343964,0.21438478303942937,0.5209035070338816,0.4790964929661185,0.14305528036457302,0.18723994452149792,0.15870814345155537,0.14206459282742223,0.13889439270853973,0.09768179116306717,0.13235585496334457,2024091394.pdf,155,65,291,2,1,3,3,520,0,7,527,0,True,0.5596153846153846,0.2980769230769231,0.125,0.0019230769230769232,0.1044184664156925,0.01538461538461533
Varanasi South,253,4763,47.572118412765064,46.0,0.05227797606550493,0.31618727692630694,0.41969347050178457,0.21184127650640353,0.518370774721814,0.481629225278186,0.15095528028553432,0.18559731261809784,0.15830359017425993,0.1444467772412345,0.13017006088599622,0.10119672475330674,0.12933025404157045,2024091394.pdf,182,7,315,2,0,3,1,510,0,4,514,0,True,0.6176470588235294,0.3568627450980392,0.013725490196078431,0.0,0.107915179508713,0.0117647058823529
Varanasi South,258,5096,47.467032967032964,45.0,0.0423861852433281,0.3284929356357928,0.4230769230769231,0.20604395604395603,0.5100078492935636,0.4899921507064364,0.14874411302982732,0.1760204081632653,0.16326530612244897,0.14501569858712715,0.1401098901098901,0.0989010989010989,0.12794348508634223,2024091394.pdf,186,24,257,2,0,4,2,475,0,3,478,0,True,0.5410526315789473,0.391578947368421,0.05052631578947368,0.0,0.09379905808477237,0.01684210526315799
Varanasi South,263,4970,48.008853118712274,46.0,0.04164989939637827,0.3142857142857143,0.42092555331991954,0.22313883299798792,0.5138832997987928,0.48611670020120723,0.14869215291750504,0.17766599597585514,0.16257545271629778,0.14989939637826963,0.14225352112676057,0.0959758551307847,0.12293762575452716,2024091394.pdf,209,7,345,2,0,1,1,565,0,4,569,0,True,0.6106194690265486,0.36991150442477877,0.012389380530973451,0.0,0.11448692152917506,0.0070796460176990594
Varanasi South,268,4817,47.70168154452979,46.0,0.04650197218185593,0.3188706663898692,0.41914054390699607,0.2154868175212788,0.5223167946854889,0.4776832053145111,0.14386547643761677,0.1909902428897654,0.15818974465434918,0.13742993564459208,0.13493875856342122,0.10234585841810255,0.1322399833921528,2024091394.pdf,287,1,369,3,0,0,1,661,0,6,667,0,True,0.5582450832072617,0.4341906202723147,0.0015128593040847202,0.0,0.13846792609507994,0.006051437216338829
Varanasi South,273,4936,47.385534846029174,46.0,0.04659643435980551,0.321515397082658,0.42787682333873583,0.20401134521880065,0.5235008103727715,0.47649918962722854,0.14688006482982172,0.1859805510534846,0.1539708265802269,0.13695299837925445,0.14059967585089142,0.10453808752025932,0.1310777957860616,2024091394.pdf,160,4,304,0,0,0,0,468,0,4,472,0,True,0.6495726495726496,0.3418803418803419,0.008547008547008548,0.0,0.09562398703403566,0.0
Varanasi South,278,5025,47.30587064676617,45.0,0.042786069651741296,0.3337313432835821,0.4218905472636816,0.20159203980099502,0.5253731343283582,0.4746268656716418,0.1544278606965174,0.1808955223880597,0.143681592039801,0.14208955223880598,0.1325373134328358,0.10626865671641791,0.1400995024875622,2024091394.pdf,147,9,463,2,1,2,1,625,0,3,628,0,True,0.7408,0.2352,0.0144,0.0016,0.12497512437810945,0.008000000000000007
Varanasi South,283,4829,47.36612135017602,46.0,0.05177055290950507,0.3224270035203976,0.42286187616483745,0.2029405674052599,0.5276454752536757,0.4723545247463243,0.1470283702629944,0.1704286601780907,0.16483744046386414,0.13460343756471319,0.1542762476703251,0.09732863946986954,0.1314972043901429,2024091394.pdf,137,11,375,2,0,1,2,528,0,6,534,0,True,0.7102272727272727,0.25946969696969696,0.020833333333333332,0.0,0.11058190101470283,0.009469696969696906
Varanasi South,293,4770,47.43584905660377,46.0,0.04779874213836478,0.3232704402515723,0.4220125786163522,0.2069182389937107,0.5310272536687631,0.4689727463312369,0.15513626834381553,0.17819706498951782,0.1540880503144654,0.14192872117400418,0.1421383647798742,0.09454926624737946,0.1339622641509434,2024091394.pdf,222,33,389,10,2,12,6,674,0,8,682,0,True,0.5771513353115727,0.3293768545994065,0.04896142433234421,0.002967359050445104,0.1429769392033543,0.041543026706231556
Varanasi South,298,5092,47.78868813825609,46.0,0.04831107619795758,0.31912804399057343,0.42026708562450904,0.21229379418695993,0.5314218381775334,0.4685781618224666,0.14886095836606442,0.17989002356637862,0.1575019638648861,0.13845247446975648,0.14493322859387275,0.09721131186174391,0.1331500392772977,2024091394.pdf,243,16,229,2,3,0,0,493,0,5,498,0,True,0.4645030425963489,0.49290060851926976,0.032454361054766734,0.006085192697768763,0.09780047132757266,0.0040567951318458695
Varanasi South,303,5060,47.643675889328065,46.0,0.04565217391304348,0.3256916996047431,0.4144268774703557,0.21422924901185772,0.5134387351778656,0.4865612648221344,0.14940711462450593,0.1784584980237154,0.15671936758893282,0.14308300395256918,0.14367588932806324,0.1007905138339921,0.12786561264822136,2024091394.pdf,147,2,199,3,0,1,0,352,0,3,355,0,True,0.5653409090909091,0.41761363636363635,0.005681818181818182,0.0,0.07015810276679842,0.011363636363636354
Varanasi South,308,4978,47.36359983929289,46.0,0.04580152671755725,0.33005222981116916,0.4222579349136199,0.2018883085576537,0.5229007633587787,0.4770992366412214,0.14905584572117317,0.18461229409401367,0.1568903173965448,0.13720369626355966,0.135797509039775,0.10144636400160707,0.13499397348332665,2024091394.pdf,397,43,281,2,2,4,7,736,0,5,741,0,True,0.38179347826086957,0.5394021739130435,0.058423913043478264,0.002717391304347826,0.14885496183206107,0.017663043478260865
Varanasi South,313,4853,47.53513290747991,46.0,0.049660004121162164,0.3175355450236967,0.42324335462600454,0.20956109622913663,0.5254481763857408,0.47455182361425924,0.1537193488563775,0.17700391510405936,0.15990109210797446,0.14362250154543582,0.1448588501957552,0.09313826499072739,0.1277560271996703,2024091394.pdf,314,31,173,0,1,1,0,520,0,2,522,0,True,0.3326923076923077,0.6038461538461538,0.05961538461538462,0.0019230769230769232,0.10756233257778694,0.0019230769230769162
Varanasi South,318,5117,47.53918311510651,46.0,0.04377564979480164,0.3222591362126246,0.42427203439515343,0.20969317959742037,0.5122141880007817,0.4877858119992183,0.14989251514559312,0.17686144225131914,0.15653703341801836,0.1461794019933555,0.14012116474496775,0.10201289818252883,0.12839554426421732,2024091394.pdf,142,53,377,8,2,3,2,587,0,7,594,0,True,0.6422487223168655,0.24190800681431004,0.09028960817717206,0.0034071550255536627,0.11608364275942935,0.022146507666098825
Varanasi South,323,5128,47.7905616224649,46.0,0.0436817472698908,0.3202028081123245,0.4204368174726989,0.21567862714508582,0.5234009360374415,0.4765990639625585,0.14723088923556943,0.1747269890795632,0.1624414976599064,0.13475039001560063,0.14001560062402496,0.0967238689547582,0.14411076443057722,2024091394.pdf,354,60,307,3,0,7,0,731,0,5,736,0,True,0.41997264021887826,0.4842681258549932,0.08207934336525308,0.0,0.1435257410296412,0.013679890560875485
Varanasi South,328,4883,47.54126561540037,46.0,0.04218718001228753,0.32766741757116524,0.4208478394429654,0.20929756297358182,0.528158918697522,0.471841081302478,0.1517509727626459,0.18922793364734794,0.1527749334425558,0.14294491091542086,0.13864427605979932,0.1017816915830432,0.12287528158918698,2024091394.pdf,216,9,396,6,0,2,3,632,0,7,639,0,True,0.6265822784810127,0.34177215189873417,0.014240506329113924,0.0,0.13086217489248414,0.017405063291139222
Varanasi South,333,5071,47.54545454545455,46.0,0.04732794320646815,0.32044961546046147,0.4263458883849339,0.20587655294813645,0.5048313942023269,0.495168605797673,0.1526326168408598,0.17984618418457898,0.16288700453559457,0.13172944192466968,0.13626503648195623,0.10313547623742851,0.13350423979491224,2024091394.pdf,290,66,269,11,3,4,6,649,0,10,659,0,True,0.41448382126348227,0.44684129429892144,0.1016949152542373,0.004622496147919877,0.12995464405442714,0.03235747303543912
Varanasi South,338,4935,47.469908814589665,46.0,0.04701114488348531,0.31854103343465046,0.43039513677811553,0.20405268490374873,0.5234042553191489,0.4765957446808511,0.1458966565349544,0.18541033434650456,0.15947315096251266,0.1414387031408308,0.13394123606889563,0.10151975683890578,0.13232016210739614,2024091394.pdf,316,30,268,3,0,1,1,619,0,8,627,0,True,0.43295638126009695,0.5105008077544426,0.048465266558966075,0.0,0.1270516717325228,0.008077544426494332
Varanasi South,343,4895,47.486006128702755,46.0,0.047395301327885594,0.32114402451481106,0.42328907048008174,0.20817160367722165,0.516241062308478,0.48375893769152195,0.14933605720122575,0.1763023493360572,0.15628192032686414,0.14136874361593463,0.14688457609805924,0.09867211440245148,0.13115423901940756,2024091394.pdf,452,49,402,3,4,3,4,917,0,10,927,0,True,0.43838604143947657,0.49291166848418755,0.05343511450381679,0.004362050163576881,0.18937691521961184,0.010905125408942173
Varanasi South,348,5039,47.194284580273866,45.0,0.04584242905338361,0.3353840047628498,0.41476483429251837,0.20400873189124827,0.5288747767414169,0.471125223258583,0.14427465767017264,0.1788053185155785,0.16153998809287556,0.1488390553681286,0.1335582456836674,0.0980353244691407,0.1349474102004366,2024091394.pdf,218,7,344,0,3,1,0,573,0,4,577,0,True,0.6003490401396161,0.38045375218150085,0.012216404886561954,0.005235602094240838,0.11450684659654693,0.0017452006980803736
Varanasi South,353,4839,47.38396362884894,45.0,0.04649721016738995,0.3296135565199421,0.4153750774953503,0.20851415581731764,0.5234552593511056,0.4765447406488944,0.14713783839636288,0.18040917544947302,0.1566439346972515,0.14610456705930977,0.14858441826823723,0.10229386236825791,0.11882620376110767,2024091394.pdf,161,19,319,4,1,2,0,506,0,3,509,0,True,0.6304347826086957,0.3181818181818182,0.037549407114624504,0.001976284584980237,0.10518702211200662,0.011857707509881354
Varanasi South,358,5061,47.71626160837779,46.0,0.048014226437462955,0.31436475004939735,0.4260027662517289,0.21161825726141079,0.5198577356253705,0.48014226437462953,0.15629322268326418,0.17704011065006917,0.16538233550681683,0.14186919581110452,0.1337680300335902,0.09464532701047224,0.13100177830468288,2024091394.pdf,232,17,449,4,1,0,1,704,0,5,709,0,True,0.6377840909090909,0.32954545454545453,0.024147727272727272,0.0014204545454545455,0.14009089112823553,0.007102272727272707
Varanasi South,363,4953,47.53139511407228,46.0,0.0488592772057339,0.31758530183727035,0.42337976983646275,0.21017565112053302,0.51847365233192,0.48152634766807995,0.14597213809812234,0.17080557238037553,0.16111447607510598,0.145366444579043,0.13930950938824954,0.10236220472440945,0.13506965475469412,2024091394.pdf,265,28,335,1,0,0,0,629,0,3,632,0,True,0.5325914149443561,0.42130365659777425,0.04451510333863275,0.0,0.12759943468604887,0.0015898251192368873
Varanasi South,368,5032,47.28100158982512,45.0,0.04848966613672496,0.3294912559618442,0.4145468998410175,0.20747217806041335,0.5327901430842608,0.46720985691573924,0.14348171701112877,0.18223370429252783,0.15421303656597773,0.13970588235294118,0.14109697933227344,0.10214626391096979,0.13712241653418125,2024091394.pdf,283,1,159,0,2,2,3,450,0,5,455,0,True,0.35333333333333333,0.6288888888888889,0.0022222222222222222,0.0044444444444444444,0.09042130365659777,0.01111111111111096
Varanasi South,373,4928,47.37601461038961,46.0,0.044237012987012984,0.3248782467532468,0.42796266233766234,0.20292207792207792,0.5190746753246753,0.4809253246753247,0.14894480519480519,0.17958603896103897,0.1580762987012987,0.1444805194805195,0.13737824675324675,0.09517045454545454,0.13636363636363635,2024091394.pdf,290,34,245,8,3,2,3,585,0,8,593,0,True,0.4188034188034188,0.49572649572649574,0.05811965811965812,0.005128205128205128,0.12033279220779221,0.022222222222222143
Varanasi South,378,4976,47.467443729903536,46.0,0.044413183279742766,0.3267684887459807,0.41981511254019294,0.2090032154340836,0.5215032154340836,0.4784967845659164,0.1579581993569132,0.170016077170418,0.16760450160771703,0.13866559485530547,0.1467041800643087,0.09505627009646302,0.1239951768488746,2024091394.pdf,241,35,357,4,14,8,4,663,0,12,675,0,True,0.5384615384615384,0.363499245852187,0.05279034690799397,0.021116138763197588,0.13565112540192925,0.02413273001508298
Varanasi South,383,4771,47.161810941102495,45.0,0.046111926220918045,0.3261370781806749,0.4332425068119891,0.19450848878641794,0.5221127646195766,0.4778872353804234,0.15636134982184027,0.17836931460909664,0.15678054915112136,0.13854537832739466,0.14085097463844057,0.10438063299098721,0.12471180046111927,2024091394.pdf,95,16,461,5,0,0,0,577,0,1,578,0,True,0.7989601386481803,0.16464471403812825,0.02772963604852686,0.0,0.12114860616223014,0.008665511265164572
Varanasi South,388,5099,47.53990978623259,46.0,0.04314571484604825,0.3281035497156305,0.41282604432241615,0.2159246911159051,0.513630123553638,0.48636987644636204,0.1539517552461267,0.1853304569523436,0.15846244361639536,0.13316336536575799,0.14257697587762305,0.09609727397528928,0.130417728966464,2024091394.pdf,117,6,324,4,1,1,0,453,0,6,459,0,True,0.7152317880794702,0.2582781456953642,0.013245033112582781,0.002207505518763797,0.09001765051970975,0.011037527593819041
Varanasi South,393,4820,47.089004149377594,45.0,0.04419087136929461,0.33236514522821575,0.4267634854771784,0.1966804979253112,0.5188796680497926,0.4811203319502075,0.14066390041493776,0.1966804979253112,0.1508298755186722,0.13817427385892117,0.1408713692946058,0.09979253112033196,0.13298755186721992,2024091394.pdf,97,3,347,0,0,3,2,452,0,4,456,0,True,0.7676991150442478,0.21460176991150443,0.00663716814159292,0.0,0.0946058091286307,0.01106194690265494
